Library,Status,Mypy,Pyright,Type Checked Samples,Pylint,Sphinx,Tests - CI,Tests - Live,Tests - Samples,SLA - Questions,SLA - Bugs,Total customer-reported issues,Mypy_link,Pyright_link,Pylint_link,Sphinx_link,Tests - CI_link,Tests - Live_link,Tests - Samples_link,SLA - Questions_link,SLA - Bugs_link,Total customer-reported issues_link,Last Refresh,SDK Owned
azure-agrifood-farming,BLOCKED,DISABLED,DISABLED,DISABLED,DISABLED,DISABLED,DISABLED,DISABLED,DISABLED,0,0,0,,,,,,,,,,,02-19-2026 05:08:32,False
azure-ai-agents,NEEDS_ACTION,PASS,PASS,ENABLED,WARNING,PASS,PASS,UNKNOWN,DISABLED,5,0,10,https://dev.azure.com/azure-sdk/590cfd2a-581c-4dcb-a12e-6568ce786175/_build/results?buildId=5895273,https://dev.azure.com/azure-sdk/590cfd2a-581c-4dcb-a12e-6568ce786175/_build/results?buildId=5895273,https://dev.azure.com/azure-sdk/590cfd2a-581c-4dcb-a12e-6568ce786175/_build/results?buildId=5883207,https://dev.azure.com/azure-sdk/590cfd2a-581c-4dcb-a12e-6568ce786175/_build/results?buildId=5895273,https://dev.azure.com/azure-sdk/590cfd2a-581c-4dcb-a12e-6568ce786175/_build/results?buildId=5895273,,,https://github.com/Azure/azure-sdk-for-python/issues?q=is%3Aopen+is%3Aissue+label%3Acustomer-reported+label%3AClient+-label%3Aissue-addressed+-label%3Abug+-label%3Aneeds-author-feedback+-label%3Afeature-request+label%3A%22AI+Agents%22+created%3A%22%3C2026-01-20%22,,https://github.com/Azure/azure-sdk-for-python/issues?q=is%3Aopen+is%3Aissue+label%3Acustomer-reported+label%3AClient+label%3A%22AI+Agents%22,02-19-2026 05:08:32,False
azure-ai-agentserver-agentframework,BLOCKED,UNKNOWN,DISABLED,ENABLED,UNKNOWN,FAIL,FAIL,PASS,DISABLED,0,0,0,https://dev.azure.com/azure-sdk/590cfd2a-581c-4dcb-a12e-6568ce786175/_build/results?buildId=5893108,,https://dev.azure.com/azure-sdk/590cfd2a-581c-4dcb-a12e-6568ce786175/_build/results?buildId=5893108,https://dev.azure.com/azure-sdk/590cfd2a-581c-4dcb-a12e-6568ce786175/_build/results?buildId=5893108,https://dev.azure.com/azure-sdk/590cfd2a-581c-4dcb-a12e-6568ce786175/_build/results?buildId=5893108,https://dev.azure.com/azure-sdk/590cfd2a-581c-4dcb-a12e-6568ce786175/_build/results?buildId=5893143,,,,,02-19-2026 05:08:32,False
azure-ai-agentserver-core,BLOCKED,UNKNOWN,DISABLED,ENABLED,UNKNOWN,FAIL,FAIL,PASS,DISABLED,0,0,0,https://dev.azure.com/azure-sdk/590cfd2a-581c-4dcb-a12e-6568ce786175/_build/results?buildId=5893108,,https://dev.azure.com/azure-sdk/590cfd2a-581c-4dcb-a12e-6568ce786175/_build/results?buildId=5893108,https://dev.azure.com/azure-sdk/590cfd2a-581c-4dcb-a12e-6568ce786175/_build/results?buildId=5893108,https://dev.azure.com/azure-sdk/590cfd2a-581c-4dcb-a12e-6568ce786175/_build/results?buildId=5893108,https://dev.azure.com/azure-sdk/590cfd2a-581c-4dcb-a12e-6568ce786175/_build/results?buildId=5893143,,,,,02-19-2026 05:08:32,False
azure-ai-agentserver-langgraph,BLOCKED,UNKNOWN,DISABLED,ENABLED,UNKNOWN,FAIL,FAIL,PASS,DISABLED,0,0,0,https://dev.azure.com/azure-sdk/590cfd2a-581c-4dcb-a12e-6568ce786175/_build/results?buildId=5893108,,https://dev.azure.com/azure-sdk/590cfd2a-581c-4dcb-a12e-6568ce786175/_build/results?buildId=5893108,https://dev.azure.com/azure-sdk/590cfd2a-581c-4dcb-a12e-6568ce786175/_build/results?buildId=5893108,https://dev.azure.com/azure-sdk/590cfd2a-581c-4dcb-a12e-6568ce786175/_build/results?buildId=5893108,https://dev.azure.com/azure-sdk/590cfd2a-581c-4dcb-a12e-6568ce786175/_build/results?buildId=5893143,,,,,02-19-2026 05:08:32,False
azure-ai-contentsafety,BLOCKED,PASS,FAIL,ENABLED,FAIL,PASS,PASS,UNKNOWN,DISABLED,0,0,2,https://dev.azure.com/azure-sdk/590cfd2a-581c-4dcb-a12e-6568ce786175/_build/results?buildId=5895779,https://dev.azure.com/azure-sdk/590cfd2a-581c-4dcb-a12e-6568ce786175/_build/results?buildId=5895779,https://dev.azure.com/azure-sdk/590cfd2a-581c-4dcb-a12e-6568ce786175/_build/results?buildId=5895779,https://dev.azure.com/azure-sdk/590cfd2a-581c-4dcb-a12e-6568ce786175/_build/results?buildId=5895779,https://dev.azure.com/azure-sdk/590cfd2a-581c-4dcb-a12e-6568ce786175/_build/results?buildId=5895779,,,,,https://github.com/Azure/azure-sdk-for-python/issues?q=is%3Aopen+is%3Aissue+label%3Acustomer-reported+label%3AClient+label%3A%22Cognitive+-+Content+Safety%22,02-19-2026 05:08:32,False
azure-ai-contentunderstanding,NEEDS_ACTION,WARNING,WARNING,ENABLED,WARNING,PASS,PASS,UNKNOWN,UNKNOWN,0,0,0,https://dev.azure.com/azure-sdk/590cfd2a-581c-4dcb-a12e-6568ce786175/_build/results?buildId=5884370,https://dev.azure.com/azure-sdk/590cfd2a-581c-4dcb-a12e-6568ce786175/_build/results?buildId=5884370,https://dev.azure.com/azure-sdk/590cfd2a-581c-4dcb-a12e-6568ce786175/_build/results?buildId=5884370,https://dev.azure.com/azure-sdk/590cfd2a-581c-4dcb-a12e-6568ce786175/_build/results?buildId=5896254,https://dev.azure.com/azure-sdk/590cfd2a-581c-4dcb-a12e-6568ce786175/_build/results?buildId=5896254,https://dev.azure.com/azure-sdk/590cfd2a-581c-4dcb-a12e-6568ce786175/_build/results?buildId=5896333,https://dev.azure.com/azure-sdk/590cfd2a-581c-4dcb-a12e-6568ce786175/_build/results?buildId=5896333,,,,02-19-2026 05:08:32,False
azure-ai-documentintelligence,BLOCKED,PASS,DISABLED,ENABLED,FAIL,PASS,PASS,FAIL,UNKNOWN,14,0,17,https://dev.azure.com/azure-sdk/590cfd2a-581c-4dcb-a12e-6568ce786175/_build/results?buildId=5894100,,https://dev.azure.com/azure-sdk/590cfd2a-581c-4dcb-a12e-6568ce786175/_build/results?buildId=5894100,https://dev.azure.com/azure-sdk/590cfd2a-581c-4dcb-a12e-6568ce786175/_build/results?buildId=5894100,https://dev.azure.com/azure-sdk/590cfd2a-581c-4dcb-a12e-6568ce786175/_build/results?buildId=5894100,https://dev.azure.com/azure-sdk/590cfd2a-581c-4dcb-a12e-6568ce786175/_build/results?buildId=5894156,https://dev.azure.com/azure-sdk/590cfd2a-581c-4dcb-a12e-6568ce786175/_build/results?buildId=5894156,https://github.com/Azure/azure-sdk-for-python/issues?q=is%3Aopen+is%3Aissue+label%3Acustomer-reported+label%3AClient+-label%3Aissue-addressed+-label%3Abug+-label%3Aneeds-author-feedback+-label%3Afeature-request+label%3A%22Document+Intelligence%22+created%3A%22%3C2026-01-20%22,,https://github.com/Azure/azure-sdk-for-python/issues?q=is%3Aopen+is%3Aissue+label%3Acustomer-reported+label%3AClient+label%3A%22Document+Intelligence%22,02-19-2026 05:08:32,True
azure-ai-evaluation,NEEDS_ACTION,DISABLED,DISABLED,ENABLED,DISABLED,PASS,PASS,UNKNOWN,UNKNOWN,1,0,5,,,,https://dev.azure.com/azure-sdk/590cfd2a-581c-4dcb-a12e-6568ce786175/_build/results?buildId=5896011,https://dev.azure.com/azure-sdk/590cfd2a-581c-4dcb-a12e-6568ce786175/_build/results?buildId=5896011,https://dev.azure.com/azure-sdk/590cfd2a-581c-4dcb-a12e-6568ce786175/_build/results?buildId=5896089,https://dev.azure.com/azure-sdk/590cfd2a-581c-4dcb-a12e-6568ce786175/_build/results?buildId=5896089,https://github.com/Azure/azure-sdk-for-python/issues?q=is%3Aopen+is%3Aissue+label%3Acustomer-reported+label%3AClient+-label%3Aissue-addressed+-label%3Abug+-label%3Aneeds-author-feedback+-label%3Afeature-request+label%3A%22Evaluation%22+created%3A%22%3C2026-01-20%22,,https://github.com/Azure/azure-sdk-for-python/issues?q=is%3Aopen+is%3Aissue+label%3Acustomer-reported+label%3AClient+label%3A%22Evaluation%22,02-19-2026 05:08:32,False
azure-ai-formrecognizer,BLOCKED,FAIL,DISABLED,ENABLED,DISABLED,PASS,PASS,UNKNOWN,UNKNOWN,1,0,1,https://dev.azure.com/azure-sdk/590cfd2a-581c-4dcb-a12e-6568ce786175/_build/results?buildId=5892411,,,https://dev.azure.com/azure-sdk/590cfd2a-581c-4dcb-a12e-6568ce786175/_build/results?buildId=5892411,https://dev.azure.com/azure-sdk/590cfd2a-581c-4dcb-a12e-6568ce786175/_build/results?buildId=5892411,https://dev.azure.com/azure-sdk/590cfd2a-581c-4dcb-a12e-6568ce786175/_build/results?buildId=5894417,https://dev.azure.com/azure-sdk/590cfd2a-581c-4dcb-a12e-6568ce786175/_build/results?buildId=5894417,https://github.com/Azure/azure-sdk-for-python/issues?q=is%3Aopen+is%3Aissue+label%3Acustomer-reported+label%3AClient+-label%3Aissue-addressed+-label%3Abug+-label%3Aneeds-author-feedback+-label%3Afeature-request+label%3A%22Cognitive+-+Form+Recognizer%22+created%3A%22%3C2026-01-20%22,,https://github.com/Azure/azure-sdk-for-python/issues?q=is%3Aopen+is%3Aissue+label%3Acustomer-reported+label%3AClient+label%3A%22Cognitive+-+Form+Recognizer%22,02-19-2026 05:08:32,True
azure-ai-language-conversations,BLOCKED,PASS,PASS,ENABLED,WARNING,PASS,FAIL,FAIL,UNKNOWN,0,0,0,https://dev.azure.com/azure-sdk/590cfd2a-581c-4dcb-a12e-6568ce786175/_build/results?buildId=5894226,https://dev.azure.com/azure-sdk/590cfd2a-581c-4dcb-a12e-6568ce786175/_build/results?buildId=5894226,https://dev.azure.com/azure-sdk/590cfd2a-581c-4dcb-a12e-6568ce786175/_build/results?buildId=5883968,https://dev.azure.com/azure-sdk/590cfd2a-581c-4dcb-a12e-6568ce786175/_build/results?buildId=5894226,https://dev.azure.com/azure-sdk/590cfd2a-581c-4dcb-a12e-6568ce786175/_build/results?buildId=5894226,https://dev.azure.com/azure-sdk/590cfd2a-581c-4dcb-a12e-6568ce786175/_build/results?buildId=5893563,https://dev.azure.com/azure-sdk/590cfd2a-581c-4dcb-a12e-6568ce786175/_build/results?buildId=5893563,,,,02-19-2026 05:08:32,False
azure-ai-language-conversations-authoring,BLOCKED,PASS,PASS,ENABLED,WARNING,PASS,FAIL,FAIL,UNKNOWN,0,0,0,https://dev.azure.com/azure-sdk/590cfd2a-581c-4dcb-a12e-6568ce786175/_build/results?buildId=5894226,https://dev.azure.com/azure-sdk/590cfd2a-581c-4dcb-a12e-6568ce786175/_build/results?buildId=5894226,https://dev.azure.com/azure-sdk/590cfd2a-581c-4dcb-a12e-6568ce786175/_build/results?buildId=5883968,https://dev.azure.com/azure-sdk/590cfd2a-581c-4dcb-a12e-6568ce786175/_build/results?buildId=5894226,https://dev.azure.com/azure-sdk/590cfd2a-581c-4dcb-a12e-6568ce786175/_build/results?buildId=5894226,https://dev.azure.com/azure-sdk/590cfd2a-581c-4dcb-a12e-6568ce786175/_build/results?buildId=5893563,https://dev.azure.com/azure-sdk/590cfd2a-581c-4dcb-a12e-6568ce786175/_build/results?buildId=5893563,,,,02-19-2026 05:08:32,False
azure-ai-language-questionanswering,BLOCKED,PASS,PASS,ENABLED,WARNING,PASS,FAIL,FAIL,UNKNOWN,0,0,0,https://dev.azure.com/azure-sdk/590cfd2a-581c-4dcb-a12e-6568ce786175/_build/results?buildId=5894226,https://dev.azure.com/azure-sdk/590cfd2a-581c-4dcb-a12e-6568ce786175/_build/results?buildId=5894226,https://dev.azure.com/azure-sdk/590cfd2a-581c-4dcb-a12e-6568ce786175/_build/results?buildId=5883968,https://dev.azure.com/azure-sdk/590cfd2a-581c-4dcb-a12e-6568ce786175/_build/results?buildId=5894226,https://dev.azure.com/azure-sdk/590cfd2a-581c-4dcb-a12e-6568ce786175/_build/results?buildId=5894226,https://dev.azure.com/azure-sdk/590cfd2a-581c-4dcb-a12e-6568ce786175/_build/results?buildId=5893563,https://dev.azure.com/azure-sdk/590cfd2a-581c-4dcb-a12e-6568ce786175/_build/results?buildId=5893563,,,,02-19-2026 05:08:32,False
azure-ai-language-questionanswering-authoring,BLOCKED,PASS,PASS,ENABLED,WARNING,PASS,FAIL,FAIL,UNKNOWN,0,0,0,https://dev.azure.com/azure-sdk/590cfd2a-581c-4dcb-a12e-6568ce786175/_build/results?buildId=5894226,https://dev.azure.com/azure-sdk/590cfd2a-581c-4dcb-a12e-6568ce786175/_build/results?buildId=5894226,https://dev.azure.com/azure-sdk/590cfd2a-581c-4dcb-a12e-6568ce786175/_build/results?buildId=5883968,https://dev.azure.com/azure-sdk/590cfd2a-581c-4dcb-a12e-6568ce786175/_build/results?buildId=5894226,https://dev.azure.com/azure-sdk/590cfd2a-581c-4dcb-a12e-6568ce786175/_build/results?buildId=5894226,https://dev.azure.com/azure-sdk/590cfd2a-581c-4dcb-a12e-6568ce786175/_build/results?buildId=5893563,https://dev.azure.com/azure-sdk/590cfd2a-581c-4dcb-a12e-6568ce786175/_build/results?buildId=5893563,,,,02-19-2026 05:08:32,False
azure-ai-ml,BLOCKED,PASS,DISABLED,ENABLED,WARNING,PASS,FAIL,PASS,PASS,21,8,45,https://dev.azure.com/azure-sdk/590cfd2a-581c-4dcb-a12e-6568ce786175/_build/results?buildId=5894434,,https://dev.azure.com/azure-sdk/590cfd2a-581c-4dcb-a12e-6568ce786175/_build/results?buildId=5884168,https://dev.azure.com/azure-sdk/590cfd2a-581c-4dcb-a12e-6568ce786175/_build/results?buildId=5894434,https://dev.azure.com/azure-sdk/590cfd2a-581c-4dcb-a12e-6568ce786175/_build/results?buildId=5894434,https://dev.azure.com/azure-sdk/590cfd2a-581c-4dcb-a12e-6568ce786175/_build/results?buildId=1791608,https://dev.azure.com/azure-sdk/590cfd2a-581c-4dcb-a12e-6568ce786175/_build/results?buildId=1791608,https://github.com/Azure/azure-sdk-for-python/issues?q=is%3Aopen+is%3Aissue+label%3Acustomer-reported+label%3AClient+-label%3Aissue-addressed+-label%3Abug+-label%3Aneeds-author-feedback+-label%3Afeature-request+label%3A%22Machine+Learning%22+created%3A%22%3C2026-01-20%22,https://github.com/Azure/azure-sdk-for-python/issues?q=is%3Aopen+is%3Aissue+label%3Acustomer-reported+label%3AClient+-label%3Aissue-addressed+-label%3Aquestion+-label%3Aneeds-author-feedback+-label%3Afeature-request+label%3A%22Machine+Learning%22+created%3A%22%3C2025-11-21%22,https://github.com/Azure/azure-sdk-for-python/issues?q=is%3Aopen+is%3Aissue+label%3Acustomer-reported+label%3AClient+label%3A%22Machine+Learning%22,02-19-2026 05:08:32,False
azure-ai-projects,NEEDS_ACTION,PASS,PASS,ENABLED,WARNING,PASS,PASS,UNKNOWN,DISABLED,11,0,12,https://dev.azure.com/azure-sdk/590cfd2a-581c-4dcb-a12e-6568ce786175/_build/results?buildId=5895273,https://dev.azure.com/azure-sdk/590cfd2a-581c-4dcb-a12e-6568ce786175/_build/results?buildId=5895273,https://dev.azure.com/azure-sdk/590cfd2a-581c-4dcb-a12e-6568ce786175/_build/results?buildId=5883207,https://dev.azure.com/azure-sdk/590cfd2a-581c-4dcb-a12e-6568ce786175/_build/results?buildId=5895273,https://dev.azure.com/azure-sdk/590cfd2a-581c-4dcb-a12e-6568ce786175/_build/results?buildId=5895273,,,https://github.com/Azure/azure-sdk-for-python/issues?q=is%3Aopen+is%3Aissue+label%3Acustomer-reported+label%3AClient+-label%3Aissue-addressed+-label%3Abug+-label%3Aneeds-author-feedback+-label%3Afeature-request+label%3A%22AI+Projects%22+created%3A%22%3C2026-01-20%22,,https://github.com/Azure/azure-sdk-for-python/issues?q=is%3Aopen+is%3Aissue+label%3Acustomer-reported+label%3AClient+label%3A%22AI+Projects%22,02-19-2026 05:08:32,False
azure-ai-textanalytics,BLOCKED,PASS,PASS,ENABLED,WARNING,PASS,FAIL,FAIL,UNKNOWN,0,0,0,https://dev.azure.com/azure-sdk/590cfd2a-581c-4dcb-a12e-6568ce786175/_build/results?buildId=5894226,https://dev.azure.com/azure-sdk/590cfd2a-581c-4dcb-a12e-6568ce786175/_build/results?buildId=5894226,https://dev.azure.com/azure-sdk/590cfd2a-581c-4dcb-a12e-6568ce786175/_build/results?buildId=5883968,https://dev.azure.com/azure-sdk/590cfd2a-581c-4dcb-a12e-6568ce786175/_build/results?buildId=5894226,https://dev.azure.com/azure-sdk/590cfd2a-581c-4dcb-a12e-6568ce786175/_build/results?buildId=5894226,https://dev.azure.com/azure-sdk/590cfd2a-581c-4dcb-a12e-6568ce786175/_build/results?buildId=5893563,https://dev.azure.com/azure-sdk/590cfd2a-581c-4dcb-a12e-6568ce786175/_build/results?buildId=5893563,,,,02-19-2026 05:08:32,False
azure-ai-textanalytics,NEEDS_ACTION,UNKNOWN,DISABLED,ENABLED,UNKNOWN,UNKNOWN,UNKNOWN,FAIL,UNKNOWN,2,0,2,https://dev.azure.com/azure-sdk/590cfd2a-581c-4dcb-a12e-6568ce786175/_build/results?buildId=5895924,,https://dev.azure.com/azure-sdk/590cfd2a-581c-4dcb-a12e-6568ce786175/_build/results?buildId=5895924,https://dev.azure.com/azure-sdk/590cfd2a-581c-4dcb-a12e-6568ce786175/_build/results?buildId=5895924,https://dev.azure.com/azure-sdk/590cfd2a-581c-4dcb-a12e-6568ce786175/_build/results?buildId=5895924,https://dev.azure.com/azure-sdk/590cfd2a-581c-4dcb-a12e-6568ce786175/_build/results?buildId=5896180,https://dev.azure.com/azure-sdk/590cfd2a-581c-4dcb-a12e-6568ce786175/_build/results?buildId=5896180,https://github.com/Azure/azure-sdk-for-python/issues?q=is%3Aopen+is%3Aissue+label%3Acustomer-reported+label%3AClient+-label%3Aissue-addressed+-label%3Abug+-label%3Aneeds-author-feedback+-label%3Afeature-request+label%3A%22Cognitive+-+Text+Analytics%22+created%3A%22%3C2026-01-20%22,,https://github.com/Azure/azure-sdk-for-python/issues?q=is%3Aopen+is%3Aissue+label%3Acustomer-reported+label%3AClient+label%3A%22Cognitive+-+Text+Analytics%22,02-19-2026 05:08:32,False
azure-ai-textanalytics-authoring,BLOCKED,PASS,PASS,ENABLED,WARNING,PASS,FAIL,FAIL,UNKNOWN,0,0,0,https://dev.azure.com/azure-sdk/590cfd2a-581c-4dcb-a12e-6568ce786175/_build/results?buildId=5894226,https://dev.azure.com/azure-sdk/590cfd2a-581c-4dcb-a12e-6568ce786175/_build/results?buildId=5894226,https://dev.azure.com/azure-sdk/590cfd2a-581c-4dcb-a12e-6568ce786175/_build/results?buildId=5883968,https://dev.azure.com/azure-sdk/590cfd2a-581c-4dcb-a12e-6568ce786175/_build/results?buildId=5894226,https://dev.azure.com/azure-sdk/590cfd2a-581c-4dcb-a12e-6568ce786175/_build/results?buildId=5894226,https://dev.azure.com/azure-sdk/590cfd2a-581c-4dcb-a12e-6568ce786175/_build/results?buildId=5893563,https://dev.azure.com/azure-sdk/590cfd2a-581c-4dcb-a12e-6568ce786175/_build/results?buildId=5893563,,,,02-19-2026 05:08:32,False
azure-ai-transcription,NEEDS_ACTION,WARNING,WARNING,ENABLED,WARNING,PASS,PASS,UNKNOWN,DISABLED,0,0,0,,,,https://dev.azure.com/azure-sdk/590cfd2a-581c-4dcb-a12e-6568ce786175/_build/results?buildId=5892430,https://dev.azure.com/azure-sdk/590cfd2a-581c-4dcb-a12e-6568ce786175/_build/results?buildId=5892430,,,,,,02-19-2026 05:08:32,False
azure-ai-translation-document,NEEDS_ACTION,PASS,DISABLED,ENABLED,WARNING,PASS,PASS,FAIL,DISABLED,1,1,4,https://dev.azure.com/azure-sdk/590cfd2a-581c-4dcb-a12e-6568ce786175/_build/results?buildId=5893870,,https://dev.azure.com/azure-sdk/590cfd2a-581c-4dcb-a12e-6568ce786175/_build/results?buildId=5883545,https://dev.azure.com/azure-sdk/590cfd2a-581c-4dcb-a12e-6568ce786175/_build/results?buildId=5893870,https://dev.azure.com/azure-sdk/590cfd2a-581c-4dcb-a12e-6568ce786175/_build/results?buildId=5893870,https://dev.azure.com/azure-sdk/590cfd2a-581c-4dcb-a12e-6568ce786175/_build/results?buildId=5893783,,https://github.com/Azure/azure-sdk-for-python/issues?q=is%3Aopen+is%3Aissue+label%3Acustomer-reported+label%3AClient+-label%3Aissue-addressed+-label%3Abug+-label%3Aneeds-author-feedback+-label%3Afeature-request+label%3A%22Cognitive+-+Translator%22+created%3A%22%3C2026-01-20%22,https://github.com/Azure/azure-sdk-for-python/issues?q=is%3Aopen+is%3Aissue+label%3Acustomer-reported+label%3AClient+-label%3Aissue-addressed+-label%3Aquestion+-label%3Aneeds-author-feedback+-label%3Afeature-request+label%3A%22Cognitive+-+Translator%22+created%3A%22%3C2025-11-21%22,https://github.com/Azure/azure-sdk-for-python/issues?q=is%3Aopen+is%3Aissue+label%3Acustomer-reported+label%3AClient+label%3A%22Cognitive+-+Translator%22,02-19-2026 05:08:32,False
azure-ai-translation-text,BLOCKED,PASS,FAIL,ENABLED,WARNING,PASS,PASS,FAIL,DISABLED,1,1,4,https://dev.azure.com/azure-sdk/590cfd2a-581c-4dcb-a12e-6568ce786175/_build/results?buildId=5893870,https://dev.azure.com/azure-sdk/590cfd2a-581c-4dcb-a12e-6568ce786175/_build/results?buildId=5893870,https://dev.azure.com/azure-sdk/590cfd2a-581c-4dcb-a12e-6568ce786175/_build/results?buildId=5883545,https://dev.azure.com/azure-sdk/590cfd2a-581c-4dcb-a12e-6568ce786175/_build/results?buildId=5893870,https://dev.azure.com/azure-sdk/590cfd2a-581c-4dcb-a12e-6568ce786175/_build/results?buildId=5893870,https://dev.azure.com/azure-sdk/590cfd2a-581c-4dcb-a12e-6568ce786175/_build/results?buildId=5893783,,https://github.com/Azure/azure-sdk-for-python/issues?q=is%3Aopen+is%3Aissue+label%3Acustomer-reported+label%3AClient+-label%3Aissue-addressed+-label%3Abug+-label%3Aneeds-author-feedback+-label%3Afeature-request+label%3A%22Cognitive+-+Translator%22+created%3A%22%3C2026-01-20%22,https://github.com/Azure/azure-sdk-for-python/issues?q=is%3Aopen+is%3Aissue+label%3Acustomer-reported+label%3AClient+-label%3Aissue-addressed+-label%3Aquestion+-label%3Aneeds-author-feedback+-label%3Afeature-request+label%3A%22Cognitive+-+Translator%22+created%3A%22%3C2025-11-21%22,https://github.com/Azure/azure-sdk-for-python/issues?q=is%3Aopen+is%3Aissue+label%3Acustomer-reported+label%3AClient+label%3A%22Cognitive+-+Translator%22,02-19-2026 05:08:32,False
azure-ai-vision-face,BLOCKED,PASS,FAIL,ENABLED,FAIL,PASS,PASS,PASS,DISABLED,4,0,4,https://dev.azure.com/azure-sdk/590cfd2a-581c-4dcb-a12e-6568ce786175/_build/results?buildId=5894437,https://dev.azure.com/azure-sdk/590cfd2a-581c-4dcb-a12e-6568ce786175/_build/results?buildId=5894437,https://dev.azure.com/azure-sdk/590cfd2a-581c-4dcb-a12e-6568ce786175/_build/results?buildId=5894437,https://dev.azure.com/azure-sdk/590cfd2a-581c-4dcb-a12e-6568ce786175/_build/results?buildId=5894437,https://dev.azure.com/azure-sdk/590cfd2a-581c-4dcb-a12e-6568ce786175/_build/results?buildId=5894437,https://dev.azure.com/azure-sdk/590cfd2a-581c-4dcb-a12e-6568ce786175/_build/results?buildId=4050804,,https://github.com/Azure/azure-sdk-for-python/issues?q=is%3Aopen+is%3Aissue+label%3Acustomer-reported+label%3AClient+-label%3Aissue-addressed+-label%3Abug+-label%3Aneeds-author-feedback+-label%3Afeature-request+label%3A%22Cognitive+-+Face%22+created%3A%22%3C2026-01-20%22,,https://github.com/Azure/azure-sdk-for-python/issues?q=is%3Aopen+is%3Aissue+label%3Acustomer-reported+label%3AClient+label%3A%22Cognitive+-+Face%22,02-19-2026 05:08:32,False
azure-ai-vision-imageanalysis,BLOCKED,PASS,FAIL,ENABLED,WARNING,PASS,PASS,PASS,DISABLED,0,0,0,https://dev.azure.com/azure-sdk/590cfd2a-581c-4dcb-a12e-6568ce786175/_build/results?buildId=5893638,https://dev.azure.com/azure-sdk/590cfd2a-581c-4dcb-a12e-6568ce786175/_build/results?buildId=5893638,https://dev.azure.com/azure-sdk/590cfd2a-581c-4dcb-a12e-6568ce786175/_build/results?buildId=5883376,https://dev.azure.com/azure-sdk/590cfd2a-581c-4dcb-a12e-6568ce786175/_build/results?buildId=5893638,https://dev.azure.com/azure-sdk/590cfd2a-581c-4dcb-a12e-6568ce786175/_build/results?buildId=5893638,https://dev.azure.com/azure-sdk/590cfd2a-581c-4dcb-a12e-6568ce786175/_build/results?buildId=4050779,,,,,02-19-2026 05:08:32,False
azure-ai-voicelive,NEEDS_ACTION,PASS,PASS,ENABLED,WARNING,PASS,PASS,UNKNOWN,DISABLED,0,0,0,https://dev.azure.com/azure-sdk/590cfd2a-581c-4dcb-a12e-6568ce786175/_build/results?buildId=5895273,https://dev.azure.com/azure-sdk/590cfd2a-581c-4dcb-a12e-6568ce786175/_build/results?buildId=5895273,https://dev.azure.com/azure-sdk/590cfd2a-581c-4dcb-a12e-6568ce786175/_build/results?buildId=5883207,https://dev.azure.com/azure-sdk/590cfd2a-581c-4dcb-a12e-6568ce786175/_build/results?buildId=5895273,https://dev.azure.com/azure-sdk/590cfd2a-581c-4dcb-a12e-6568ce786175/_build/results?buildId=5895273,,,,,,02-19-2026 05:08:32,False
azure-appconfiguration,NEEDS_ACTION,PASS,DISABLED,ENABLED,WARNING,PASS,PASS,FAIL,FAIL,1,0,1,https://dev.azure.com/azure-sdk/590cfd2a-581c-4dcb-a12e-6568ce786175/_build/results?buildId=5892246,,https://dev.azure.com/azure-sdk/590cfd2a-581c-4dcb-a12e-6568ce786175/_build/results?buildId=5884116,https://dev.azure.com/azure-sdk/590cfd2a-581c-4dcb-a12e-6568ce786175/_build/results?buildId=5892246,https://dev.azure.com/azure-sdk/590cfd2a-581c-4dcb-a12e-6568ce786175/_build/results?buildId=5892246,https://dev.azure.com/azure-sdk/590cfd2a-581c-4dcb-a12e-6568ce786175/_build/results?buildId=5895573,https://dev.azure.com/azure-sdk/590cfd2a-581c-4dcb-a12e-6568ce786175/_build/results?buildId=5895573,https://github.com/Azure/azure-sdk-for-python/issues?q=is%3Aopen+is%3Aissue+label%3Acustomer-reported+label%3AClient+-label%3Aissue-addressed+-label%3Abug+-label%3Aneeds-author-feedback+-label%3Afeature-request+label%3A%22App+Configuration%22+created%3A%22%3C2026-01-20%22,,https://github.com/Azure/azure-sdk-for-python/issues?q=is%3Aopen+is%3Aissue+label%3Acustomer-reported+label%3AClient+label%3A%22App+Configuration%22,02-19-2026 05:08:32,True
azure-appconfiguration-provider,NEEDS_ACTION,PASS,DISABLED,ENABLED,WARNING,PASS,PASS,FAIL,FAIL,1,0,1,https://dev.azure.com/azure-sdk/590cfd2a-581c-4dcb-a12e-6568ce786175/_build/results?buildId=5892246,,https://dev.azure.com/azure-sdk/590cfd2a-581c-4dcb-a12e-6568ce786175/_build/results?buildId=5884116,https://dev.azure.com/azure-sdk/590cfd2a-581c-4dcb-a12e-6568ce786175/_build/results?buildId=5892246,https://dev.azure.com/azure-sdk/590cfd2a-581c-4dcb-a12e-6568ce786175/_build/results?buildId=5892246,https://dev.azure.com/azure-sdk/590cfd2a-581c-4dcb-a12e-6568ce786175/_build/results?buildId=5895573,https://dev.azure.com/azure-sdk/590cfd2a-581c-4dcb-a12e-6568ce786175/_build/results?buildId=5895573,https://github.com/Azure/azure-sdk-for-python/issues?q=is%3Aopen+is%3Aissue+label%3Acustomer-reported+label%3AClient+-label%3Aissue-addressed+-label%3Abug+-label%3Aneeds-author-feedback+-label%3Afeature-request+label%3A%22App+Configuration%22+created%3A%22%3C2026-01-20%22,,https://github.com/Azure/azure-sdk-for-python/issues?q=is%3Aopen+is%3Aissue+label%3Acustomer-reported+label%3AClient+label%3A%22App+Configuration%22,02-19-2026 05:08:32,False
azure-batch,NEEDS_ACTION,WARNING,WARNING,ENABLED,WARNING,PASS,PASS,UNKNOWN,DISABLED,8,0,9,https://dev.azure.com/azure-sdk/590cfd2a-581c-4dcb-a12e-6568ce786175/_build/results?buildId=5884010,https://dev.azure.com/azure-sdk/590cfd2a-581c-4dcb-a12e-6568ce786175/_build/results?buildId=5884010,https://dev.azure.com/azure-sdk/590cfd2a-581c-4dcb-a12e-6568ce786175/_build/results?buildId=5884010,https://dev.azure.com/azure-sdk/590cfd2a-581c-4dcb-a12e-6568ce786175/_build/results?buildId=5892371,https://dev.azure.com/azure-sdk/590cfd2a-581c-4dcb-a12e-6568ce786175/_build/results?buildId=5892371,,,https://github.com/Azure/azure-sdk-for-python/issues?q=is%3Aopen+is%3Aissue+label%3Acustomer-reported+label%3AClient+-label%3Aissue-addressed+-label%3Abug+-label%3Aneeds-author-feedback+-label%3Afeature-request+label%3A%22Batch%22+created%3A%22%3C2026-01-20%22,,https://github.com/Azure/azure-sdk-for-python/issues?q=is%3Aopen+is%3Aissue+label%3Acustomer-reported+label%3AClient+label%3A%22Batch%22,02-19-2026 05:08:32,False
azure-communication-callautomation,NEEDS_ACTION,UNKNOWN,DISABLED,ENABLED,UNKNOWN,UNKNOWN,UNKNOWN,UNKNOWN,DISABLED,2,1,3,https://dev.azure.com/azure-sdk/590cfd2a-581c-4dcb-a12e-6568ce786175/_build/results?buildId=5894436,,https://dev.azure.com/azure-sdk/590cfd2a-581c-4dcb-a12e-6568ce786175/_build/results?buildId=5894436,https://dev.azure.com/azure-sdk/590cfd2a-581c-4dcb-a12e-6568ce786175/_build/results?buildId=5894436,https://dev.azure.com/azure-sdk/590cfd2a-581c-4dcb-a12e-6568ce786175/_build/results?buildId=5894436,,,https://github.com/Azure/azure-sdk-for-python/issues?q=is%3Aopen+is%3Aissue+label%3Acustomer-reported+label%3AClient+-label%3Aissue-addressed+-label%3Abug+-label%3Aneeds-author-feedback+-label%3Afeature-request+label%3A%22Communication+-+Call+Automation%22+created%3A%22%3C2026-01-20%22,https://github.com/Azure/azure-sdk-for-python/issues?q=is%3Aopen+is%3Aissue+label%3Acustomer-reported+label%3AClient+-label%3Aissue-addressed+-label%3Aquestion+-label%3Aneeds-author-feedback+-label%3Afeature-request+label%3A%22Communication+-+Call+Automation%22+created%3A%22%3C2025-11-21%22,https://github.com/Azure/azure-sdk-for-python/issues?q=is%3Aopen+is%3Aissue+label%3Acustomer-reported+label%3AClient+label%3A%22Communication+-+Call+Automation%22,02-19-2026 05:08:32,False
azure-communication-chat,NEEDS_ACTION,UNKNOWN,DISABLED,ENABLED,UNKNOWN,UNKNOWN,UNKNOWN,FAIL,DISABLED,0,0,0,https://dev.azure.com/azure-sdk/590cfd2a-581c-4dcb-a12e-6568ce786175/_build/results?buildId=5894436,,https://dev.azure.com/azure-sdk/590cfd2a-581c-4dcb-a12e-6568ce786175/_build/results?buildId=5894436,https://dev.azure.com/azure-sdk/590cfd2a-581c-4dcb-a12e-6568ce786175/_build/results?buildId=5894436,https://dev.azure.com/azure-sdk/590cfd2a-581c-4dcb-a12e-6568ce786175/_build/results?buildId=5894436,https://dev.azure.com/azure-sdk/590cfd2a-581c-4dcb-a12e-6568ce786175/_build/results?buildId=5895185,,,,,02-19-2026 05:08:32,False
azure-communication-email,NEEDS_ACTION,UNKNOWN,DISABLED,ENABLED,UNKNOWN,UNKNOWN,UNKNOWN,UNKNOWN,DISABLED,1,1,2,https://dev.azure.com/azure-sdk/590cfd2a-581c-4dcb-a12e-6568ce786175/_build/results?buildId=5894436,,https://dev.azure.com/azure-sdk/590cfd2a-581c-4dcb-a12e-6568ce786175/_build/results?buildId=5894436,https://dev.azure.com/azure-sdk/590cfd2a-581c-4dcb-a12e-6568ce786175/_build/results?buildId=5894436,https://dev.azure.com/azure-sdk/590cfd2a-581c-4dcb-a12e-6568ce786175/_build/results?buildId=5894436,https://dev.azure.com/azure-sdk/590cfd2a-581c-4dcb-a12e-6568ce786175/_build/results?buildId=5897037,,https://github.com/Azure/azure-sdk-for-python/issues?q=is%3Aopen+is%3Aissue+label%3Acustomer-reported+label%3AClient+-label%3Aissue-addressed+-label%3Abug+-label%3Aneeds-author-feedback+-label%3Afeature-request+label%3A%22Communication+-+Email%22+created%3A%22%3C2026-01-20%22,https://github.com/Azure/azure-sdk-for-python/issues?q=is%3Aopen+is%3Aissue+label%3Acustomer-reported+label%3AClient+-label%3Aissue-addressed+-label%3Aquestion+-label%3Aneeds-author-feedback+-label%3Afeature-request+label%3A%22Communication+-+Email%22+created%3A%22%3C2025-11-21%22,https://github.com/Azure/azure-sdk-for-python/issues?q=is%3Aopen+is%3Aissue+label%3Acustomer-reported+label%3AClient+label%3A%22Communication+-+Email%22,02-19-2026 05:08:32,False
azure-communication-identity,NEEDS_ACTION,UNKNOWN,DISABLED,ENABLED,UNKNOWN,UNKNOWN,UNKNOWN,FAIL,DISABLED,0,0,0,https://dev.azure.com/azure-sdk/590cfd2a-581c-4dcb-a12e-6568ce786175/_build/results?buildId=5894436,,https://dev.azure.com/azure-sdk/590cfd2a-581c-4dcb-a12e-6568ce786175/_build/results?buildId=5894436,https://dev.azure.com/azure-sdk/590cfd2a-581c-4dcb-a12e-6568ce786175/_build/results?buildId=5894436,https://dev.azure.com/azure-sdk/590cfd2a-581c-4dcb-a12e-6568ce786175/_build/results?buildId=5894436,https://dev.azure.com/azure-sdk/590cfd2a-581c-4dcb-a12e-6568ce786175/_build/results?buildId=5893060,,,,,02-19-2026 05:08:32,False
azure-communication-jobrouter,NEEDS_ACTION,UNKNOWN,DISABLED,ENABLED,UNKNOWN,DISABLED,UNKNOWN,UNKNOWN,DISABLED,0,0,0,https://dev.azure.com/azure-sdk/590cfd2a-581c-4dcb-a12e-6568ce786175/_build/results?buildId=5894436,,https://dev.azure.com/azure-sdk/590cfd2a-581c-4dcb-a12e-6568ce786175/_build/results?buildId=5894436,,https://dev.azure.com/azure-sdk/590cfd2a-581c-4dcb-a12e-6568ce786175/_build/results?buildId=5894436,,,,,,02-19-2026 05:08:32,False
azure-communication-messages,NEEDS_ACTION,UNKNOWN,DISABLED,ENABLED,UNKNOWN,UNKNOWN,UNKNOWN,UNKNOWN,DISABLED,0,0,0,https://dev.azure.com/azure-sdk/590cfd2a-581c-4dcb-a12e-6568ce786175/_build/results?buildId=5894436,,https://dev.azure.com/azure-sdk/590cfd2a-581c-4dcb-a12e-6568ce786175/_build/results?buildId=5894436,https://dev.azure.com/azure-sdk/590cfd2a-581c-4dcb-a12e-6568ce786175/_build/results?buildId=5894436,https://dev.azure.com/azure-sdk/590cfd2a-581c-4dcb-a12e-6568ce786175/_build/results?buildId=5894436,,,,,,02-19-2026 05:08:32,False
azure-communication-phonenumbers,NEEDS_ACTION,UNKNOWN,DISABLED,ENABLED,UNKNOWN,UNKNOWN,UNKNOWN,FAIL,DISABLED,0,0,0,https://dev.azure.com/azure-sdk/590cfd2a-581c-4dcb-a12e-6568ce786175/_build/results?buildId=5894436,,https://dev.azure.com/azure-sdk/590cfd2a-581c-4dcb-a12e-6568ce786175/_build/results?buildId=5894436,https://dev.azure.com/azure-sdk/590cfd2a-581c-4dcb-a12e-6568ce786175/_build/results?buildId=5894436,https://dev.azure.com/azure-sdk/590cfd2a-581c-4dcb-a12e-6568ce786175/_build/results?buildId=5894436,https://dev.azure.com/azure-sdk/590cfd2a-581c-4dcb-a12e-6568ce786175/_build/results?buildId=5894387,,,,,02-19-2026 05:08:32,False
azure-communication-rooms,NEEDS_ACTION,UNKNOWN,DISABLED,ENABLED,UNKNOWN,UNKNOWN,UNKNOWN,FAIL,DISABLED,0,0,0,https://dev.azure.com/azure-sdk/590cfd2a-581c-4dcb-a12e-6568ce786175/_build/results?buildId=5894436,,https://dev.azure.com/azure-sdk/590cfd2a-581c-4dcb-a12e-6568ce786175/_build/results?buildId=5894436,https://dev.azure.com/azure-sdk/590cfd2a-581c-4dcb-a12e-6568ce786175/_build/results?buildId=5894436,https://dev.azure.com/azure-sdk/590cfd2a-581c-4dcb-a12e-6568ce786175/_build/results?buildId=5894436,https://dev.azure.com/azure-sdk/590cfd2a-581c-4dcb-a12e-6568ce786175/_build/results?buildId=5893351,,,,,02-19-2026 05:08:32,False
azure-communication-sms,NEEDS_ACTION,UNKNOWN,DISABLED,ENABLED,UNKNOWN,UNKNOWN,UNKNOWN,UNKNOWN,DISABLED,1,0,1,https://dev.azure.com/azure-sdk/590cfd2a-581c-4dcb-a12e-6568ce786175/_build/results?buildId=5894436,,https://dev.azure.com/azure-sdk/590cfd2a-581c-4dcb-a12e-6568ce786175/_build/results?buildId=5894436,https://dev.azure.com/azure-sdk/590cfd2a-581c-4dcb-a12e-6568ce786175/_build/results?buildId=5894436,https://dev.azure.com/azure-sdk/590cfd2a-581c-4dcb-a12e-6568ce786175/_build/results?buildId=5894436,https://dev.azure.com/azure-sdk/590cfd2a-581c-4dcb-a12e-6568ce786175/_build/results?buildId=5894811,,https://github.com/Azure/azure-sdk-for-python/issues?q=is%3Aopen+is%3Aissue+label%3Acustomer-reported+label%3AClient+-label%3Aissue-addressed+-label%3Abug+-label%3Aneeds-author-feedback+-label%3Afeature-request+label%3A%22Communication+-+SMS%22+created%3A%22%3C2026-01-20%22,,https://github.com/Azure/azure-sdk-for-python/issues?q=is%3Aopen+is%3Aissue+label%3Acustomer-reported+label%3AClient+label%3A%22Communication+-+SMS%22,02-19-2026 05:08:32,False
azure-confidentialledger,NEEDS_ACTION,PASS,DISABLED,ENABLED,WARNING,PASS,PASS,FAIL,UNKNOWN,0,0,0,https://dev.azure.com/azure-sdk/590cfd2a-581c-4dcb-a12e-6568ce786175/_build/results?buildId=5897450,,https://dev.azure.com/azure-sdk/590cfd2a-581c-4dcb-a12e-6568ce786175/_build/results?buildId=5883665,https://dev.azure.com/azure-sdk/590cfd2a-581c-4dcb-a12e-6568ce786175/_build/results?buildId=5897450,https://dev.azure.com/azure-sdk/590cfd2a-581c-4dcb-a12e-6568ce786175/_build/results?buildId=5897450,https://dev.azure.com/azure-sdk/590cfd2a-581c-4dcb-a12e-6568ce786175/_build/results?buildId=5895189,https://dev.azure.com/azure-sdk/590cfd2a-581c-4dcb-a12e-6568ce786175/_build/results?buildId=5895189,,,,02-19-2026 05:08:32,False
azure-confidentialledger-certificate,NEEDS_ACTION,PASS,WARNING,ENABLED,WARNING,PASS,PASS,FAIL,UNKNOWN,0,0,0,https://dev.azure.com/azure-sdk/590cfd2a-581c-4dcb-a12e-6568ce786175/_build/results?buildId=5897450,https://dev.azure.com/azure-sdk/590cfd2a-581c-4dcb-a12e-6568ce786175/_build/results?buildId=5883665,https://dev.azure.com/azure-sdk/590cfd2a-581c-4dcb-a12e-6568ce786175/_build/results?buildId=5883665,https://dev.azure.com/azure-sdk/590cfd2a-581c-4dcb-a12e-6568ce786175/_build/results?buildId=5897450,https://dev.azure.com/azure-sdk/590cfd2a-581c-4dcb-a12e-6568ce786175/_build/results?buildId=5897450,https://dev.azure.com/azure-sdk/590cfd2a-581c-4dcb-a12e-6568ce786175/_build/results?buildId=5895189,https://dev.azure.com/azure-sdk/590cfd2a-581c-4dcb-a12e-6568ce786175/_build/results?buildId=5895189,,,,02-19-2026 05:08:32,False
azure-containerregistry,BLOCKED,UNKNOWN,DISABLED,ENABLED,UNKNOWN,FAIL,FAIL,FAIL,UNKNOWN,0,0,1,https://dev.azure.com/azure-sdk/590cfd2a-581c-4dcb-a12e-6568ce786175/_build/results?buildId=5892589,,https://dev.azure.com/azure-sdk/590cfd2a-581c-4dcb-a12e-6568ce786175/_build/results?buildId=5892589,https://dev.azure.com/azure-sdk/590cfd2a-581c-4dcb-a12e-6568ce786175/_build/results?buildId=5892589,https://dev.azure.com/azure-sdk/590cfd2a-581c-4dcb-a12e-6568ce786175/_build/results?buildId=5892589,https://dev.azure.com/azure-sdk/590cfd2a-581c-4dcb-a12e-6568ce786175/_build/results?buildId=5897438,https://dev.azure.com/azure-sdk/590cfd2a-581c-4dcb-a12e-6568ce786175/_build/results?buildId=5897438,,,https://github.com/Azure/azure-sdk-for-python/issues?q=is%3Aopen+is%3Aissue+label%3Acustomer-reported+label%3AClient+label%3A%22Container+Registry%22,02-19-2026 05:08:32,True
azure-core,NEEDS_ACTION,PASS,DISABLED,ENABLED,WARNING,PASS,PASS,FAIL,DISABLED,1,1,3,https://dev.azure.com/azure-sdk/590cfd2a-581c-4dcb-a12e-6568ce786175/_build/results?buildId=5892732,,https://dev.azure.com/azure-sdk/590cfd2a-581c-4dcb-a12e-6568ce786175/_build/results?buildId=5883804,https://dev.azure.com/azure-sdk/590cfd2a-581c-4dcb-a12e-6568ce786175/_build/results?buildId=5892732,https://dev.azure.com/azure-sdk/590cfd2a-581c-4dcb-a12e-6568ce786175/_build/results?buildId=5892732,https://dev.azure.com/azure-sdk/590cfd2a-581c-4dcb-a12e-6568ce786175/_build/results?buildId=5893525,,https://github.com/Azure/azure-sdk-for-python/issues?q=is%3Aopen+is%3Aissue+label%3Acustomer-reported+label%3AClient+-label%3Aissue-addressed+-label%3Abug+-label%3Aneeds-author-feedback+-label%3Afeature-request+label%3A%22Azure.Core%22+created%3A%22%3C2026-01-20%22,https://github.com/Azure/azure-sdk-for-python/issues?q=is%3Aopen+is%3Aissue+label%3Acustomer-reported+label%3AClient+-label%3Aissue-addressed+-label%3Aquestion+-label%3Aneeds-author-feedback+-label%3Afeature-request+label%3A%22Azure.Core%22+created%3A%22%3C2025-11-21%22,https://github.com/Azure/azure-sdk-for-python/issues?q=is%3Aopen+is%3Aissue+label%3Acustomer-reported+label%3AClient+label%3A%22Azure.Core%22,02-19-2026 05:08:32,True
azure-core-experimental,NEEDS_ACTION,PASS,DISABLED,ENABLED,WARNING,PASS,PASS,FAIL,DISABLED,1,1,3,https://dev.azure.com/azure-sdk/590cfd2a-581c-4dcb-a12e-6568ce786175/_build/results?buildId=5892732,,https://dev.azure.com/azure-sdk/590cfd2a-581c-4dcb-a12e-6568ce786175/_build/results?buildId=5883804,https://dev.azure.com/azure-sdk/590cfd2a-581c-4dcb-a12e-6568ce786175/_build/results?buildId=5892732,https://dev.azure.com/azure-sdk/590cfd2a-581c-4dcb-a12e-6568ce786175/_build/results?buildId=5892732,https://dev.azure.com/azure-sdk/590cfd2a-581c-4dcb-a12e-6568ce786175/_build/results?buildId=5893525,,https://github.com/Azure/azure-sdk-for-python/issues?q=is%3Aopen+is%3Aissue+label%3Acustomer-reported+label%3AClient+-label%3Aissue-addressed+-label%3Abug+-label%3Aneeds-author-feedback+-label%3Afeature-request+label%3A%22Azure.Core%22+created%3A%22%3C2026-01-20%22,https://github.com/Azure/azure-sdk-for-python/issues?q=is%3Aopen+is%3Aissue+label%3Acustomer-reported+label%3AClient+-label%3Aissue-addressed+-label%3Aquestion+-label%3Aneeds-author-feedback+-label%3Afeature-request+label%3A%22Azure.Core%22+created%3A%22%3C2025-11-21%22,https://github.com/Azure/azure-sdk-for-python/issues?q=is%3Aopen+is%3Aissue+label%3Acustomer-reported+label%3AClient+label%3A%22Azure.Core%22,02-19-2026 05:08:32,True
azure-core-tracing-opentelemetry,NEEDS_ACTION,PASS,DISABLED,ENABLED,WARNING,PASS,PASS,FAIL,DISABLED,1,1,3,https://dev.azure.com/azure-sdk/590cfd2a-581c-4dcb-a12e-6568ce786175/_build/results?buildId=5892732,,https://dev.azure.com/azure-sdk/590cfd2a-581c-4dcb-a12e-6568ce786175/_build/results?buildId=5883804,https://dev.azure.com/azure-sdk/590cfd2a-581c-4dcb-a12e-6568ce786175/_build/results?buildId=5892732,https://dev.azure.com/azure-sdk/590cfd2a-581c-4dcb-a12e-6568ce786175/_build/results?buildId=5892732,https://dev.azure.com/azure-sdk/590cfd2a-581c-4dcb-a12e-6568ce786175/_build/results?buildId=5893525,,https://github.com/Azure/azure-sdk-for-python/issues?q=is%3Aopen+is%3Aissue+label%3Acustomer-reported+label%3AClient+-label%3Aissue-addressed+-label%3Abug+-label%3Aneeds-author-feedback+-label%3Afeature-request+label%3A%22Azure.Core%22+created%3A%22%3C2026-01-20%22,https://github.com/Azure/azure-sdk-for-python/issues?q=is%3Aopen+is%3Aissue+label%3Acustomer-reported+label%3AClient+-label%3Aissue-addressed+-label%3Aquestion+-label%3Aneeds-author-feedback+-label%3Afeature-request+label%3A%22Azure.Core%22+created%3A%22%3C2025-11-21%22,https://github.com/Azure/azure-sdk-for-python/issues?q=is%3Aopen+is%3Aissue+label%3Acustomer-reported+label%3AClient+label%3A%22Azure.Core%22,02-19-2026 05:08:32,True
azure-cosmos,BLOCKED,PASS,DISABLED,ENABLED,WARNING,PASS,FAIL,PASS,DISABLED,4,1,7,https://dev.azure.com/azure-sdk/590cfd2a-581c-4dcb-a12e-6568ce786175/_build/results?buildId=5892805,,https://dev.azure.com/azure-sdk/590cfd2a-581c-4dcb-a12e-6568ce786175/_build/results?buildId=5883996,https://dev.azure.com/azure-sdk/590cfd2a-581c-4dcb-a12e-6568ce786175/_build/results?buildId=5892805,https://dev.azure.com/azure-sdk/590cfd2a-581c-4dcb-a12e-6568ce786175/_build/results?buildId=5892805,https://dev.azure.com/azure-sdk/590cfd2a-581c-4dcb-a12e-6568ce786175/_build/results?buildId=5893620,,https://github.com/Azure/azure-sdk-for-python/issues?q=is%3Aopen+is%3Aissue+label%3Acustomer-reported+label%3AClient+-label%3Aissue-addressed+-label%3Abug+-label%3Aneeds-author-feedback+-label%3Afeature-request+label%3A%22Cosmos%22+created%3A%22%3C2026-01-20%22,https://github.com/Azure/azure-sdk-for-python/issues?q=is%3Aopen+is%3Aissue+label%3Acustomer-reported+label%3AClient+-label%3Aissue-addressed+-label%3Aquestion+-label%3Aneeds-author-feedback+-label%3Afeature-request+label%3A%22Cosmos%22+created%3A%22%3C2025-11-21%22,https://github.com/Azure/azure-sdk-for-python/issues?q=is%3Aopen+is%3Aissue+label%3Acustomer-reported+label%3AClient+label%3A%22Cosmos%22,02-19-2026 05:08:32,False
azure-data-tables,BLOCKED,PASS,DISABLED,ENABLED,WARNING,PASS,FAIL,FAIL,UNKNOWN,1,0,5,https://dev.azure.com/azure-sdk/590cfd2a-581c-4dcb-a12e-6568ce786175/_build/results?buildId=5894824,,https://dev.azure.com/azure-sdk/590cfd2a-581c-4dcb-a12e-6568ce786175/_build/results?buildId=5884271,https://dev.azure.com/azure-sdk/590cfd2a-581c-4dcb-a12e-6568ce786175/_build/results?buildId=5894824,https://dev.azure.com/azure-sdk/590cfd2a-581c-4dcb-a12e-6568ce786175/_build/results?buildId=5894824,https://dev.azure.com/azure-sdk/590cfd2a-581c-4dcb-a12e-6568ce786175/_build/results?buildId=5894886,https://dev.azure.com/azure-sdk/590cfd2a-581c-4dcb-a12e-6568ce786175/_build/results?buildId=5894886,https://github.com/Azure/azure-sdk-for-python/issues?q=is%3Aopen+is%3Aissue+label%3Acustomer-reported+label%3AClient+-label%3Aissue-addressed+-label%3Abug+-label%3Aneeds-author-feedback+-label%3Afeature-request+label%3A%22Tables%22+created%3A%22%3C2026-01-20%22,,https://github.com/Azure/azure-sdk-for-python/issues?q=is%3Aopen+is%3Aissue+label%3Acustomer-reported+label%3AClient+label%3A%22Tables%22,02-19-2026 05:08:32,True
azure-defender-easm,BLOCKED,PASS,FAIL,ENABLED,FAIL,PASS,FAIL,UNKNOWN,DISABLED,1,0,1,https://dev.azure.com/azure-sdk/590cfd2a-581c-4dcb-a12e-6568ce786175/_build/results?buildId=5892736,https://dev.azure.com/azure-sdk/590cfd2a-581c-4dcb-a12e-6568ce786175/_build/results?buildId=5892736,https://dev.azure.com/azure-sdk/590cfd2a-581c-4dcb-a12e-6568ce786175/_build/results?buildId=5892736,https://dev.azure.com/azure-sdk/590cfd2a-581c-4dcb-a12e-6568ce786175/_build/results?buildId=5892736,https://dev.azure.com/azure-sdk/590cfd2a-581c-4dcb-a12e-6568ce786175/_build/results?buildId=5892736,,,https://github.com/Azure/azure-sdk-for-python/issues?q=is%3Aopen+is%3Aissue+label%3Acustomer-reported+label%3AClient+-label%3Aissue-addressed+-label%3Abug+-label%3Aneeds-author-feedback+-label%3Afeature-request+label%3A%22Defender+EASM%22+created%3A%22%3C2026-01-20%22,,https://github.com/Azure/azure-sdk-for-python/issues?q=is%3Aopen+is%3Aissue+label%3Acustomer-reported+label%3AClient+label%3A%22Defender+EASM%22,02-19-2026 05:08:32,False
azure-developer-devcenter,BLOCKED,FAIL,DISABLED,ENABLED,DISABLED,PASS,PASS,UNKNOWN,DISABLED,0,0,0,https://dev.azure.com/azure-sdk/590cfd2a-581c-4dcb-a12e-6568ce786175/_build/results?buildId=5892904,,,https://dev.azure.com/azure-sdk/590cfd2a-581c-4dcb-a12e-6568ce786175/_build/results?buildId=5892904,https://dev.azure.com/azure-sdk/590cfd2a-581c-4dcb-a12e-6568ce786175/_build/results?buildId=5892904,,,,,,02-19-2026 05:08:32,False
azure-developer-loadtesting,BLOCKED,FAIL,DISABLED,ENABLED,DISABLED,PASS,UNKNOWN,UNKNOWN,DISABLED,0,0,0,https://dev.azure.com/azure-sdk/590cfd2a-581c-4dcb-a12e-6568ce786175/_build/results?buildId=5892594,,,https://dev.azure.com/azure-sdk/590cfd2a-581c-4dcb-a12e-6568ce786175/_build/results?buildId=5892594,https://dev.azure.com/azure-sdk/590cfd2a-581c-4dcb-a12e-6568ce786175/_build/results?buildId=5892594,,,,,,02-19-2026 05:08:32,False
azure-digitaltwins-core,NEEDS_ACTION,PASS,DISABLED,ENABLED,WARNING,PASS,PASS,FAIL,DISABLED,0,0,0,https://dev.azure.com/azure-sdk/590cfd2a-581c-4dcb-a12e-6568ce786175/_build/results?buildId=5893538,,https://dev.azure.com/azure-sdk/590cfd2a-581c-4dcb-a12e-6568ce786175/_build/results?buildId=5884019,https://dev.azure.com/azure-sdk/590cfd2a-581c-4dcb-a12e-6568ce786175/_build/results?buildId=5893538,https://dev.azure.com/azure-sdk/590cfd2a-581c-4dcb-a12e-6568ce786175/_build/results?buildId=5893538,https://dev.azure.com/azure-sdk/590cfd2a-581c-4dcb-a12e-6568ce786175/_build/results?buildId=5893692,,,,,02-19-2026 05:08:32,False
azure-eventgrid,BLOCKED,PASS,DISABLED,ENABLED,WARNING,PASS,FAIL,PASS,PASS,0,0,0,https://dev.azure.com/azure-sdk/590cfd2a-581c-4dcb-a12e-6568ce786175/_build/results?buildId=5892948,,https://dev.azure.com/azure-sdk/590cfd2a-581c-4dcb-a12e-6568ce786175/_build/results?buildId=5884030,https://dev.azure.com/azure-sdk/590cfd2a-581c-4dcb-a12e-6568ce786175/_build/results?buildId=5892948,https://dev.azure.com/azure-sdk/590cfd2a-581c-4dcb-a12e-6568ce786175/_build/results?buildId=5892948,https://dev.azure.com/azure-sdk/590cfd2a-581c-4dcb-a12e-6568ce786175/_build/results?buildId=5895268,https://dev.azure.com/azure-sdk/590cfd2a-581c-4dcb-a12e-6568ce786175/_build/results?buildId=5895268,,,,02-19-2026 05:08:32,True
azure-eventhub,BLOCKED,FAIL,DISABLED,ENABLED,WARNING,PASS,PASS,FAIL,UNKNOWN,3,0,5,https://dev.azure.com/azure-sdk/590cfd2a-581c-4dcb-a12e-6568ce786175/_build/results?buildId=5892971,,https://dev.azure.com/azure-sdk/590cfd2a-581c-4dcb-a12e-6568ce786175/_build/results?buildId=4952590,https://dev.azure.com/azure-sdk/590cfd2a-581c-4dcb-a12e-6568ce786175/_build/results?buildId=5892971,https://dev.azure.com/azure-sdk/590cfd2a-581c-4dcb-a12e-6568ce786175/_build/results?buildId=5892971,https://dev.azure.com/azure-sdk/590cfd2a-581c-4dcb-a12e-6568ce786175/_build/results?buildId=5893268,https://dev.azure.com/azure-sdk/590cfd2a-581c-4dcb-a12e-6568ce786175/_build/results?buildId=5893268,https://github.com/Azure/azure-sdk-for-python/issues?q=is%3Aopen+is%3Aissue+label%3Acustomer-reported+label%3AClient+-label%3Aissue-addressed+-label%3Abug+-label%3Aneeds-author-feedback+-label%3Afeature-request+label%3A%22Event+Hubs%22+created%3A%22%3C2026-01-20%22,,https://github.com/Azure/azure-sdk-for-python/issues?q=is%3Aopen+is%3Aissue+label%3Acustomer-reported+label%3AClient+label%3A%22Event+Hubs%22,02-19-2026 05:08:32,True
azure-eventhub-checkpointstoreblob,BLOCKED,FAIL,DISABLED,ENABLED,WARNING,PASS,PASS,FAIL,UNKNOWN,3,0,5,https://dev.azure.com/azure-sdk/590cfd2a-581c-4dcb-a12e-6568ce786175/_build/results?buildId=5892971,,https://dev.azure.com/azure-sdk/590cfd2a-581c-4dcb-a12e-6568ce786175/_build/results?buildId=4952590,https://dev.azure.com/azure-sdk/590cfd2a-581c-4dcb-a12e-6568ce786175/_build/results?buildId=5892971,https://dev.azure.com/azure-sdk/590cfd2a-581c-4dcb-a12e-6568ce786175/_build/results?buildId=5892971,https://dev.azure.com/azure-sdk/590cfd2a-581c-4dcb-a12e-6568ce786175/_build/results?buildId=5893268,https://dev.azure.com/azure-sdk/590cfd2a-581c-4dcb-a12e-6568ce786175/_build/results?buildId=5893268,https://github.com/Azure/azure-sdk-for-python/issues?q=is%3Aopen+is%3Aissue+label%3Acustomer-reported+label%3AClient+-label%3Aissue-addressed+-label%3Abug+-label%3Aneeds-author-feedback+-label%3Afeature-request+label%3A%22Event+Hubs%22+created%3A%22%3C2026-01-20%22,,https://github.com/Azure/azure-sdk-for-python/issues?q=is%3Aopen+is%3Aissue+label%3Acustomer-reported+label%3AClient+label%3A%22Event+Hubs%22,02-19-2026 05:08:32,True
azure-eventhub-checkpointstoreblob-aio,BLOCKED,FAIL,DISABLED,ENABLED,WARNING,PASS,PASS,FAIL,UNKNOWN,3,0,5,https://dev.azure.com/azure-sdk/590cfd2a-581c-4dcb-a12e-6568ce786175/_build/results?buildId=5892971,,https://dev.azure.com/azure-sdk/590cfd2a-581c-4dcb-a12e-6568ce786175/_build/results?buildId=4952590,https://dev.azure.com/azure-sdk/590cfd2a-581c-4dcb-a12e-6568ce786175/_build/results?buildId=5892971,https://dev.azure.com/azure-sdk/590cfd2a-581c-4dcb-a12e-6568ce786175/_build/results?buildId=5892971,https://dev.azure.com/azure-sdk/590cfd2a-581c-4dcb-a12e-6568ce786175/_build/results?buildId=5893268,https://dev.azure.com/azure-sdk/590cfd2a-581c-4dcb-a12e-6568ce786175/_build/results?buildId=5893268,https://github.com/Azure/azure-sdk-for-python/issues?q=is%3Aopen+is%3Aissue+label%3Acustomer-reported+label%3AClient+-label%3Aissue-addressed+-label%3Abug+-label%3Aneeds-author-feedback+-label%3Afeature-request+label%3A%22Event+Hubs%22+created%3A%22%3C2026-01-20%22,,https://github.com/Azure/azure-sdk-for-python/issues?q=is%3Aopen+is%3Aissue+label%3Acustomer-reported+label%3AClient+label%3A%22Event+Hubs%22,02-19-2026 05:08:32,True
azure-health-deidentification,BLOCKED,PASS,FAIL,ENABLED,WARNING,PASS,PASS,PASS,PASS,0,0,0,https://dev.azure.com/azure-sdk/590cfd2a-581c-4dcb-a12e-6568ce786175/_build/results?buildId=5892505,https://dev.azure.com/azure-sdk/590cfd2a-581c-4dcb-a12e-6568ce786175/_build/results?buildId=5892505,https://dev.azure.com/azure-sdk/590cfd2a-581c-4dcb-a12e-6568ce786175/_build/results?buildId=5884646,https://dev.azure.com/azure-sdk/590cfd2a-581c-4dcb-a12e-6568ce786175/_build/results?buildId=5892505,https://dev.azure.com/azure-sdk/590cfd2a-581c-4dcb-a12e-6568ce786175/_build/results?buildId=5892505,https://dev.azure.com/azure-sdk/590cfd2a-581c-4dcb-a12e-6568ce786175/_build/results?buildId=5892530,https://dev.azure.com/azure-sdk/590cfd2a-581c-4dcb-a12e-6568ce786175/_build/results?buildId=5892530,,,,02-19-2026 05:08:32,False
azure-healthinsights-cancerprofiling,BLOCKED,PASS,DISABLED,ENABLED,DISABLED,PASS,FAIL,UNKNOWN,DISABLED,0,0,0,https://dev.azure.com/azure-sdk/590cfd2a-581c-4dcb-a12e-6568ce786175/_build/results?buildId=5896591,,,https://dev.azure.com/azure-sdk/590cfd2a-581c-4dcb-a12e-6568ce786175/_build/results?buildId=5896591,https://dev.azure.com/azure-sdk/590cfd2a-581c-4dcb-a12e-6568ce786175/_build/results?buildId=5896591,https://dev.azure.com/azure-sdk/590cfd2a-581c-4dcb-a12e-6568ce786175/_build/results?buildId=5896404,,,,,02-19-2026 05:08:32,False
azure-healthinsights-clinicalmatching,BLOCKED,PASS,DISABLED,ENABLED,DISABLED,DISABLED,FAIL,UNKNOWN,DISABLED,0,0,0,https://dev.azure.com/azure-sdk/590cfd2a-581c-4dcb-a12e-6568ce786175/_build/results?buildId=5896591,,,,https://dev.azure.com/azure-sdk/590cfd2a-581c-4dcb-a12e-6568ce786175/_build/results?buildId=5896591,https://dev.azure.com/azure-sdk/590cfd2a-581c-4dcb-a12e-6568ce786175/_build/results?buildId=5896404,,,,,02-19-2026 05:08:32,False
azure-healthinsights-radiologyinsights,BLOCKED,PASS,FAIL,ENABLED,WARNING,PASS,FAIL,UNKNOWN,DISABLED,0,0,0,https://dev.azure.com/azure-sdk/590cfd2a-581c-4dcb-a12e-6568ce786175/_build/results?buildId=5896591,https://dev.azure.com/azure-sdk/590cfd2a-581c-4dcb-a12e-6568ce786175/_build/results?buildId=5896591,https://dev.azure.com/azure-sdk/590cfd2a-581c-4dcb-a12e-6568ce786175/_build/results?buildId=5883546,https://dev.azure.com/azure-sdk/590cfd2a-581c-4dcb-a12e-6568ce786175/_build/results?buildId=5896591,https://dev.azure.com/azure-sdk/590cfd2a-581c-4dcb-a12e-6568ce786175/_build/results?buildId=5896591,https://dev.azure.com/azure-sdk/590cfd2a-581c-4dcb-a12e-6568ce786175/_build/results?buildId=5896404,,,,,02-19-2026 05:08:32,False
azure-identity,BLOCKED,PASS,DISABLED,ENABLED,WARNING,PASS,FAIL,PASS,DISABLED,3,0,7,https://dev.azure.com/azure-sdk/590cfd2a-581c-4dcb-a12e-6568ce786175/_build/results?buildId=5896717,,https://dev.azure.com/azure-sdk/590cfd2a-581c-4dcb-a12e-6568ce786175/_build/results?buildId=5884369,https://dev.azure.com/azure-sdk/590cfd2a-581c-4dcb-a12e-6568ce786175/_build/results?buildId=5896717,https://dev.azure.com/azure-sdk/590cfd2a-581c-4dcb-a12e-6568ce786175/_build/results?buildId=5896717,https://dev.azure.com/azure-sdk/590cfd2a-581c-4dcb-a12e-6568ce786175/_build/results?buildId=5893969,,https://github.com/Azure/azure-sdk-for-python/issues?q=is%3Aopen+is%3Aissue+label%3Acustomer-reported+label%3AClient+-label%3Aissue-addressed+-label%3Abug+-label%3Aneeds-author-feedback+-label%3Afeature-request+label%3A%22Azure.Identity%22+created%3A%22%3C2026-01-20%22,,https://github.com/Azure/azure-sdk-for-python/issues?q=is%3Aopen+is%3Aissue+label%3Acustomer-reported+label%3AClient+label%3A%22Azure.Identity%22,02-19-2026 05:08:32,True
azure-identity-broker,BLOCKED,PASS,DISABLED,ENABLED,WARNING,PASS,FAIL,PASS,DISABLED,3,0,7,https://dev.azure.com/azure-sdk/590cfd2a-581c-4dcb-a12e-6568ce786175/_build/results?buildId=5896717,,https://dev.azure.com/azure-sdk/590cfd2a-581c-4dcb-a12e-6568ce786175/_build/results?buildId=5884369,https://dev.azure.com/azure-sdk/590cfd2a-581c-4dcb-a12e-6568ce786175/_build/results?buildId=5896717,https://dev.azure.com/azure-sdk/590cfd2a-581c-4dcb-a12e-6568ce786175/_build/results?buildId=5896717,https://dev.azure.com/azure-sdk/590cfd2a-581c-4dcb-a12e-6568ce786175/_build/results?buildId=5893969,,https://github.com/Azure/azure-sdk-for-python/issues?q=is%3Aopen+is%3Aissue+label%3Acustomer-reported+label%3AClient+-label%3Aissue-addressed+-label%3Abug+-label%3Aneeds-author-feedback+-label%3Afeature-request+label%3A%22Azure.Identity%22+created%3A%22%3C2026-01-20%22,,https://github.com/Azure/azure-sdk-for-python/issues?q=is%3Aopen+is%3Aissue+label%3Acustomer-reported+label%3AClient+label%3A%22Azure.Identity%22,02-19-2026 05:08:32,True
azure-iot-deviceprovisioning,BLOCKED,WARNING,FAIL,ENABLED,DISABLED,PASS,FAIL,UNKNOWN,DISABLED,0,0,0,https://dev.azure.com/azure-sdk/590cfd2a-581c-4dcb-a12e-6568ce786175/_build/results?buildId=5883268,https://dev.azure.com/azure-sdk/590cfd2a-581c-4dcb-a12e-6568ce786175/_build/results?buildId=5893163,,https://dev.azure.com/azure-sdk/590cfd2a-581c-4dcb-a12e-6568ce786175/_build/results?buildId=5893163,https://dev.azure.com/azure-sdk/590cfd2a-581c-4dcb-a12e-6568ce786175/_build/results?buildId=5893163,,,,,,02-19-2026 05:08:32,False
azure-iot-deviceupdate,BLOCKED,DISABLED,DISABLED,DISABLED,DISABLED,DISABLED,DISABLED,DISABLED,DISABLED,0,0,0,,,,,,,,,,,02-19-2026 05:08:32,False
azure-keyvault-administration,BLOCKED,FAIL,DISABLED,ENABLED,WARNING,PASS,FAIL,FAIL,DISABLED,0,0,1,https://dev.azure.com/azure-sdk/590cfd2a-581c-4dcb-a12e-6568ce786175/_build/results?buildId=5893226,,https://dev.azure.com/azure-sdk/590cfd2a-581c-4dcb-a12e-6568ce786175/_build/results?buildId=5884374,https://dev.azure.com/azure-sdk/590cfd2a-581c-4dcb-a12e-6568ce786175/_build/results?buildId=5893226,https://dev.azure.com/azure-sdk/590cfd2a-581c-4dcb-a12e-6568ce786175/_build/results?buildId=5893226,https://dev.azure.com/azure-sdk/590cfd2a-581c-4dcb-a12e-6568ce786175/_build/results?buildId=5894157,,,,https://github.com/Azure/azure-sdk-for-python/issues?q=is%3Aopen+is%3Aissue+label%3Acustomer-reported+label%3AClient+label%3A%22KeyVault%22,02-19-2026 05:08:32,True
azure-keyvault-certificates,BLOCKED,FAIL,DISABLED,ENABLED,WARNING,PASS,FAIL,FAIL,DISABLED,0,0,1,https://dev.azure.com/azure-sdk/590cfd2a-581c-4dcb-a12e-6568ce786175/_build/results?buildId=5893226,,https://dev.azure.com/azure-sdk/590cfd2a-581c-4dcb-a12e-6568ce786175/_build/results?buildId=5884374,https://dev.azure.com/azure-sdk/590cfd2a-581c-4dcb-a12e-6568ce786175/_build/results?buildId=5893226,https://dev.azure.com/azure-sdk/590cfd2a-581c-4dcb-a12e-6568ce786175/_build/results?buildId=5893226,https://dev.azure.com/azure-sdk/590cfd2a-581c-4dcb-a12e-6568ce786175/_build/results?buildId=5894157,,,,https://github.com/Azure/azure-sdk-for-python/issues?q=is%3Aopen+is%3Aissue+label%3Acustomer-reported+label%3AClient+label%3A%22KeyVault%22,02-19-2026 05:08:32,True
azure-keyvault-keys,BLOCKED,FAIL,DISABLED,ENABLED,WARNING,PASS,FAIL,FAIL,DISABLED,0,0,1,https://dev.azure.com/azure-sdk/590cfd2a-581c-4dcb-a12e-6568ce786175/_build/results?buildId=5893226,,https://dev.azure.com/azure-sdk/590cfd2a-581c-4dcb-a12e-6568ce786175/_build/results?buildId=5884374,https://dev.azure.com/azure-sdk/590cfd2a-581c-4dcb-a12e-6568ce786175/_build/results?buildId=5893226,https://dev.azure.com/azure-sdk/590cfd2a-581c-4dcb-a12e-6568ce786175/_build/results?buildId=5893226,https://dev.azure.com/azure-sdk/590cfd2a-581c-4dcb-a12e-6568ce786175/_build/results?buildId=5894157,,,,https://github.com/Azure/azure-sdk-for-python/issues?q=is%3Aopen+is%3Aissue+label%3Acustomer-reported+label%3AClient+label%3A%22KeyVault%22,02-19-2026 05:08:32,True
azure-keyvault-secrets,BLOCKED,FAIL,FAIL,ENABLED,WARNING,PASS,FAIL,FAIL,DISABLED,0,0,1,https://dev.azure.com/azure-sdk/590cfd2a-581c-4dcb-a12e-6568ce786175/_build/results?buildId=5893226,https://dev.azure.com/azure-sdk/590cfd2a-581c-4dcb-a12e-6568ce786175/_build/results?buildId=5893226,https://dev.azure.com/azure-sdk/590cfd2a-581c-4dcb-a12e-6568ce786175/_build/results?buildId=5884374,https://dev.azure.com/azure-sdk/590cfd2a-581c-4dcb-a12e-6568ce786175/_build/results?buildId=5893226,https://dev.azure.com/azure-sdk/590cfd2a-581c-4dcb-a12e-6568ce786175/_build/results?buildId=5893226,https://dev.azure.com/azure-sdk/590cfd2a-581c-4dcb-a12e-6568ce786175/_build/results?buildId=5894157,,,,https://github.com/Azure/azure-sdk-for-python/issues?q=is%3Aopen+is%3Aissue+label%3Acustomer-reported+label%3AClient+label%3A%22KeyVault%22,02-19-2026 05:08:32,True
azure-keyvault-securitydomain,BLOCKED,FAIL,FAIL,ENABLED,WARNING,PASS,FAIL,FAIL,DISABLED,0,0,1,https://dev.azure.com/azure-sdk/590cfd2a-581c-4dcb-a12e-6568ce786175/_build/results?buildId=5893226,https://dev.azure.com/azure-sdk/590cfd2a-581c-4dcb-a12e-6568ce786175/_build/results?buildId=5893226,https://dev.azure.com/azure-sdk/590cfd2a-581c-4dcb-a12e-6568ce786175/_build/results?buildId=5884374,https://dev.azure.com/azure-sdk/590cfd2a-581c-4dcb-a12e-6568ce786175/_build/results?buildId=5893226,https://dev.azure.com/azure-sdk/590cfd2a-581c-4dcb-a12e-6568ce786175/_build/results?buildId=5893226,https://dev.azure.com/azure-sdk/590cfd2a-581c-4dcb-a12e-6568ce786175/_build/results?buildId=5894157,,,,https://github.com/Azure/azure-sdk-for-python/issues?q=is%3Aopen+is%3Aissue+label%3Acustomer-reported+label%3AClient+label%3A%22KeyVault%22,02-19-2026 05:08:32,False
azure-maps-geolocation,NEEDS_ACTION,UNKNOWN,DISABLED,ENABLED,UNKNOWN,PASS,PASS,FAIL,UNKNOWN,1,0,1,https://dev.azure.com/azure-sdk/590cfd2a-581c-4dcb-a12e-6568ce786175/_build/results?buildId=5892988,,https://dev.azure.com/azure-sdk/590cfd2a-581c-4dcb-a12e-6568ce786175/_build/results?buildId=5892988,https://dev.azure.com/azure-sdk/590cfd2a-581c-4dcb-a12e-6568ce786175/_build/results?buildId=5892988,https://dev.azure.com/azure-sdk/590cfd2a-581c-4dcb-a12e-6568ce786175/_build/results?buildId=5892988,https://dev.azure.com/azure-sdk/590cfd2a-581c-4dcb-a12e-6568ce786175/_build/results?buildId=5897094,https://dev.azure.com/azure-sdk/590cfd2a-581c-4dcb-a12e-6568ce786175/_build/results?buildId=5897094,https://github.com/Azure/azure-sdk-for-python/issues?q=is%3Aopen+is%3Aissue+label%3Acustomer-reported+label%3AClient+-label%3Aissue-addressed+-label%3Abug+-label%3Aneeds-author-feedback+-label%3Afeature-request+label%3A%22Maps%22+created%3A%22%3C2026-01-20%22,,https://github.com/Azure/azure-sdk-for-python/issues?q=is%3Aopen+is%3Aissue+label%3Acustomer-reported+label%3AClient+label%3A%22Maps%22,02-19-2026 05:08:32,False
azure-maps-render,NEEDS_ACTION,UNKNOWN,DISABLED,ENABLED,UNKNOWN,PASS,PASS,FAIL,UNKNOWN,1,0,1,https://dev.azure.com/azure-sdk/590cfd2a-581c-4dcb-a12e-6568ce786175/_build/results?buildId=5892988,,https://dev.azure.com/azure-sdk/590cfd2a-581c-4dcb-a12e-6568ce786175/_build/results?buildId=5892988,https://dev.azure.com/azure-sdk/590cfd2a-581c-4dcb-a12e-6568ce786175/_build/results?buildId=5892988,https://dev.azure.com/azure-sdk/590cfd2a-581c-4dcb-a12e-6568ce786175/_build/results?buildId=5892988,https://dev.azure.com/azure-sdk/590cfd2a-581c-4dcb-a12e-6568ce786175/_build/results?buildId=5897094,https://dev.azure.com/azure-sdk/590cfd2a-581c-4dcb-a12e-6568ce786175/_build/results?buildId=5897094,https://github.com/Azure/azure-sdk-for-python/issues?q=is%3Aopen+is%3Aissue+label%3Acustomer-reported+label%3AClient+-label%3Aissue-addressed+-label%3Abug+-label%3Aneeds-author-feedback+-label%3Afeature-request+label%3A%22Maps%22+created%3A%22%3C2026-01-20%22,,https://github.com/Azure/azure-sdk-for-python/issues?q=is%3Aopen+is%3Aissue+label%3Acustomer-reported+label%3AClient+label%3A%22Maps%22,02-19-2026 05:08:32,False
azure-maps-route,NEEDS_ACTION,UNKNOWN,DISABLED,ENABLED,UNKNOWN,PASS,PASS,FAIL,UNKNOWN,1,0,1,https://dev.azure.com/azure-sdk/590cfd2a-581c-4dcb-a12e-6568ce786175/_build/results?buildId=5892988,,https://dev.azure.com/azure-sdk/590cfd2a-581c-4dcb-a12e-6568ce786175/_build/results?buildId=5892988,https://dev.azure.com/azure-sdk/590cfd2a-581c-4dcb-a12e-6568ce786175/_build/results?buildId=5892988,https://dev.azure.com/azure-sdk/590cfd2a-581c-4dcb-a12e-6568ce786175/_build/results?buildId=5892988,https://dev.azure.com/azure-sdk/590cfd2a-581c-4dcb-a12e-6568ce786175/_build/results?buildId=5897094,https://dev.azure.com/azure-sdk/590cfd2a-581c-4dcb-a12e-6568ce786175/_build/results?buildId=5897094,https://github.com/Azure/azure-sdk-for-python/issues?q=is%3Aopen+is%3Aissue+label%3Acustomer-reported+label%3AClient+-label%3Aissue-addressed+-label%3Abug+-label%3Aneeds-author-feedback+-label%3Afeature-request+label%3A%22Maps%22+created%3A%22%3C2026-01-20%22,,https://github.com/Azure/azure-sdk-for-python/issues?q=is%3Aopen+is%3Aissue+label%3Acustomer-reported+label%3AClient+label%3A%22Maps%22,02-19-2026 05:08:32,False
azure-maps-search,NEEDS_ACTION,UNKNOWN,DISABLED,ENABLED,UNKNOWN,PASS,PASS,FAIL,UNKNOWN,1,0,1,https://dev.azure.com/azure-sdk/590cfd2a-581c-4dcb-a12e-6568ce786175/_build/results?buildId=5892988,,https://dev.azure.com/azure-sdk/590cfd2a-581c-4dcb-a12e-6568ce786175/_build/results?buildId=5892988,https://dev.azure.com/azure-sdk/590cfd2a-581c-4dcb-a12e-6568ce786175/_build/results?buildId=5892988,https://dev.azure.com/azure-sdk/590cfd2a-581c-4dcb-a12e-6568ce786175/_build/results?buildId=5892988,https://dev.azure.com/azure-sdk/590cfd2a-581c-4dcb-a12e-6568ce786175/_build/results?buildId=5897094,https://dev.azure.com/azure-sdk/590cfd2a-581c-4dcb-a12e-6568ce786175/_build/results?buildId=5897094,https://github.com/Azure/azure-sdk-for-python/issues?q=is%3Aopen+is%3Aissue+label%3Acustomer-reported+label%3AClient+-label%3Aissue-addressed+-label%3Abug+-label%3Aneeds-author-feedback+-label%3Afeature-request+label%3A%22Maps%22+created%3A%22%3C2026-01-20%22,,https://github.com/Azure/azure-sdk-for-python/issues?q=is%3Aopen+is%3Aissue+label%3Acustomer-reported+label%3AClient+label%3A%22Maps%22,02-19-2026 05:08:32,False
azure-maps-timezone,NEEDS_ACTION,UNKNOWN,DISABLED,ENABLED,UNKNOWN,PASS,PASS,FAIL,UNKNOWN,1,0,1,https://dev.azure.com/azure-sdk/590cfd2a-581c-4dcb-a12e-6568ce786175/_build/results?buildId=5892988,,https://dev.azure.com/azure-sdk/590cfd2a-581c-4dcb-a12e-6568ce786175/_build/results?buildId=5892988,https://dev.azure.com/azure-sdk/590cfd2a-581c-4dcb-a12e-6568ce786175/_build/results?buildId=5892988,https://dev.azure.com/azure-sdk/590cfd2a-581c-4dcb-a12e-6568ce786175/_build/results?buildId=5892988,https://dev.azure.com/azure-sdk/590cfd2a-581c-4dcb-a12e-6568ce786175/_build/results?buildId=5897094,https://dev.azure.com/azure-sdk/590cfd2a-581c-4dcb-a12e-6568ce786175/_build/results?buildId=5897094,https://github.com/Azure/azure-sdk-for-python/issues?q=is%3Aopen+is%3Aissue+label%3Acustomer-reported+label%3AClient+-label%3Aissue-addressed+-label%3Abug+-label%3Aneeds-author-feedback+-label%3Afeature-request+label%3A%22Maps%22+created%3A%22%3C2026-01-20%22,,https://github.com/Azure/azure-sdk-for-python/issues?q=is%3Aopen+is%3Aissue+label%3Acustomer-reported+label%3AClient+label%3A%22Maps%22,02-19-2026 05:08:32,False
azure-maps-weather,NEEDS_ACTION,UNKNOWN,DISABLED,ENABLED,UNKNOWN,PASS,PASS,FAIL,UNKNOWN,1,0,1,https://dev.azure.com/azure-sdk/590cfd2a-581c-4dcb-a12e-6568ce786175/_build/results?buildId=5892988,,https://dev.azure.com/azure-sdk/590cfd2a-581c-4dcb-a12e-6568ce786175/_build/results?buildId=5892988,https://dev.azure.com/azure-sdk/590cfd2a-581c-4dcb-a12e-6568ce786175/_build/results?buildId=5892988,https://dev.azure.com/azure-sdk/590cfd2a-581c-4dcb-a12e-6568ce786175/_build/results?buildId=5892988,https://dev.azure.com/azure-sdk/590cfd2a-581c-4dcb-a12e-6568ce786175/_build/results?buildId=5897094,https://dev.azure.com/azure-sdk/590cfd2a-581c-4dcb-a12e-6568ce786175/_build/results?buildId=5897094,https://github.com/Azure/azure-sdk-for-python/issues?q=is%3Aopen+is%3Aissue+label%3Acustomer-reported+label%3AClient+-label%3Aissue-addressed+-label%3Abug+-label%3Aneeds-author-feedback+-label%3Afeature-request+label%3A%22Maps%22+created%3A%22%3C2026-01-20%22,,https://github.com/Azure/azure-sdk-for-python/issues?q=is%3Aopen+is%3Aissue+label%3Acustomer-reported+label%3AClient+label%3A%22Maps%22,02-19-2026 05:08:32,False
azure-messaging-webpubsubclient,NEEDS_ACTION,WARNING,DISABLED,ENABLED,DISABLED,PASS,PASS,PASS,PASS,0,0,0,https://dev.azure.com/azure-sdk/590cfd2a-581c-4dcb-a12e-6568ce786175/_build/results?buildId=5884425,,,https://dev.azure.com/azure-sdk/590cfd2a-581c-4dcb-a12e-6568ce786175/_build/results?buildId=5894221,https://dev.azure.com/azure-sdk/590cfd2a-581c-4dcb-a12e-6568ce786175/_build/results?buildId=5894221,https://dev.azure.com/azure-sdk/590cfd2a-581c-4dcb-a12e-6568ce786175/_build/results?buildId=2733455,https://dev.azure.com/azure-sdk/590cfd2a-581c-4dcb-a12e-6568ce786175/_build/results?buildId=2733455,,,,02-19-2026 05:08:32,False
azure-messaging-webpubsubservice,NEEDS_ACTION,DISABLED,DISABLED,ENABLED,DISABLED,PASS,PASS,PASS,PASS,0,0,0,,,,https://dev.azure.com/azure-sdk/590cfd2a-581c-4dcb-a12e-6568ce786175/_build/results?buildId=5894221,https://dev.azure.com/azure-sdk/590cfd2a-581c-4dcb-a12e-6568ce786175/_build/results?buildId=5894221,https://dev.azure.com/azure-sdk/590cfd2a-581c-4dcb-a12e-6568ce786175/_build/results?buildId=2733455,https://dev.azure.com/azure-sdk/590cfd2a-581c-4dcb-a12e-6568ce786175/_build/results?buildId=2733455,,,,02-19-2026 05:08:32,False
azure-mgmt-core,NEEDS_ACTION,PASS,DISABLED,ENABLED,WARNING,PASS,PASS,FAIL,DISABLED,1,1,3,https://dev.azure.com/azure-sdk/590cfd2a-581c-4dcb-a12e-6568ce786175/_build/results?buildId=5892732,,https://dev.azure.com/azure-sdk/590cfd2a-581c-4dcb-a12e-6568ce786175/_build/results?buildId=5883804,https://dev.azure.com/azure-sdk/590cfd2a-581c-4dcb-a12e-6568ce786175/_build/results?buildId=5892732,https://dev.azure.com/azure-sdk/590cfd2a-581c-4dcb-a12e-6568ce786175/_build/results?buildId=5892732,https://dev.azure.com/azure-sdk/590cfd2a-581c-4dcb-a12e-6568ce786175/_build/results?buildId=5893525,,https://github.com/Azure/azure-sdk-for-python/issues?q=is%3Aopen+is%3Aissue+label%3Acustomer-reported+label%3AClient+-label%3Aissue-addressed+-label%3Abug+-label%3Aneeds-author-feedback+-label%3Afeature-request+label%3A%22Azure.Core%22+created%3A%22%3C2026-01-20%22,https://github.com/Azure/azure-sdk-for-python/issues?q=is%3Aopen+is%3Aissue+label%3Acustomer-reported+label%3AClient+-label%3Aissue-addressed+-label%3Aquestion+-label%3Aneeds-author-feedback+-label%3Afeature-request+label%3A%22Azure.Core%22+created%3A%22%3C2025-11-21%22,https://github.com/Azure/azure-sdk-for-python/issues?q=is%3Aopen+is%3Aissue+label%3Acustomer-reported+label%3AClient+label%3A%22Azure.Core%22,02-19-2026 05:08:32,True
azure-monitor-ingestion,BLOCKED,UNKNOWN,UNKNOWN,ENABLED,UNKNOWN,FAIL,FAIL,PASS,DISABLED,0,0,1,https://dev.azure.com/azure-sdk/590cfd2a-581c-4dcb-a12e-6568ce786175/_build/results?buildId=5893358,https://dev.azure.com/azure-sdk/590cfd2a-581c-4dcb-a12e-6568ce786175/_build/results?buildId=5893358,https://dev.azure.com/azure-sdk/590cfd2a-581c-4dcb-a12e-6568ce786175/_build/results?buildId=5893358,https://dev.azure.com/azure-sdk/590cfd2a-581c-4dcb-a12e-6568ce786175/_build/results?buildId=5893358,https://dev.azure.com/azure-sdk/590cfd2a-581c-4dcb-a12e-6568ce786175/_build/results?buildId=5893358,https://dev.azure.com/azure-sdk/590cfd2a-581c-4dcb-a12e-6568ce786175/_build/results?buildId=5892535,,,,https://github.com/Azure/azure-sdk-for-python/issues?q=is%3Aopen+is%3Aissue+label%3Acustomer-reported+label%3AClient+label%3A%22Monitor%22,02-19-2026 05:08:32,True
azure-monitor-opentelemetry,BLOCKED,UNKNOWN,DISABLED,ENABLED,UNKNOWN,FAIL,FAIL,PASS,DISABLED,0,1,1,https://dev.azure.com/azure-sdk/590cfd2a-581c-4dcb-a12e-6568ce786175/_build/results?buildId=5893358,,https://dev.azure.com/azure-sdk/590cfd2a-581c-4dcb-a12e-6568ce786175/_build/results?buildId=5893358,https://dev.azure.com/azure-sdk/590cfd2a-581c-4dcb-a12e-6568ce786175/_build/results?buildId=5893358,https://dev.azure.com/azure-sdk/590cfd2a-581c-4dcb-a12e-6568ce786175/_build/results?buildId=5893358,https://dev.azure.com/azure-sdk/590cfd2a-581c-4dcb-a12e-6568ce786175/_build/results?buildId=5892535,,,https://github.com/Azure/azure-sdk-for-python/issues?q=is%3Aopen+is%3Aissue+label%3Acustomer-reported+label%3AClient+-label%3Aissue-addressed+-label%3Aquestion+-label%3Aneeds-author-feedback+-label%3Afeature-request+label%3A%22Monitor+-+Distro%22+created%3A%22%3C2025-11-21%22,https://github.com/Azure/azure-sdk-for-python/issues?q=is%3Aopen+is%3Aissue+label%3Acustomer-reported+label%3AClient+label%3A%22Monitor+-+Distro%22,02-19-2026 05:08:32,False
azure-monitor-opentelemetry-exporter,BLOCKED,UNKNOWN,DISABLED,ENABLED,UNKNOWN,FAIL,FAIL,PASS,DISABLED,1,0,1,https://dev.azure.com/azure-sdk/590cfd2a-581c-4dcb-a12e-6568ce786175/_build/results?buildId=5893358,,https://dev.azure.com/azure-sdk/590cfd2a-581c-4dcb-a12e-6568ce786175/_build/results?buildId=5893358,https://dev.azure.com/azure-sdk/590cfd2a-581c-4dcb-a12e-6568ce786175/_build/results?buildId=5893358,https://dev.azure.com/azure-sdk/590cfd2a-581c-4dcb-a12e-6568ce786175/_build/results?buildId=5893358,https://dev.azure.com/azure-sdk/590cfd2a-581c-4dcb-a12e-6568ce786175/_build/results?buildId=5892535,,https://github.com/Azure/azure-sdk-for-python/issues?q=is%3Aopen+is%3Aissue+label%3Acustomer-reported+label%3AClient+-label%3Aissue-addressed+-label%3Abug+-label%3Aneeds-author-feedback+-label%3Afeature-request+label%3A%22Monitor+-+Exporter%22+created%3A%22%3C2026-01-20%22,,https://github.com/Azure/azure-sdk-for-python/issues?q=is%3Aopen+is%3Aissue+label%3Acustomer-reported+label%3AClient+label%3A%22Monitor+-+Exporter%22,02-19-2026 05:08:32,False
azure-monitor-query,BLOCKED,UNKNOWN,UNKNOWN,ENABLED,UNKNOWN,FAIL,FAIL,PASS,DISABLED,0,0,1,https://dev.azure.com/azure-sdk/590cfd2a-581c-4dcb-a12e-6568ce786175/_build/results?buildId=5893358,https://dev.azure.com/azure-sdk/590cfd2a-581c-4dcb-a12e-6568ce786175/_build/results?buildId=5893358,https://dev.azure.com/azure-sdk/590cfd2a-581c-4dcb-a12e-6568ce786175/_build/results?buildId=5893358,https://dev.azure.com/azure-sdk/590cfd2a-581c-4dcb-a12e-6568ce786175/_build/results?buildId=5893358,https://dev.azure.com/azure-sdk/590cfd2a-581c-4dcb-a12e-6568ce786175/_build/results?buildId=5893358,https://dev.azure.com/azure-sdk/590cfd2a-581c-4dcb-a12e-6568ce786175/_build/results?buildId=5892535,,,,https://github.com/Azure/azure-sdk-for-python/issues?q=is%3Aopen+is%3Aissue+label%3Acustomer-reported+label%3AClient+label%3A%22Monitor%22,02-19-2026 05:08:32,True
azure-monitor-querymetrics,BLOCKED,UNKNOWN,UNKNOWN,ENABLED,UNKNOWN,FAIL,FAIL,PASS,DISABLED,0,0,1,https://dev.azure.com/azure-sdk/590cfd2a-581c-4dcb-a12e-6568ce786175/_build/results?buildId=5893358,https://dev.azure.com/azure-sdk/590cfd2a-581c-4dcb-a12e-6568ce786175/_build/results?buildId=5893358,https://dev.azure.com/azure-sdk/590cfd2a-581c-4dcb-a12e-6568ce786175/_build/results?buildId=5893358,https://dev.azure.com/azure-sdk/590cfd2a-581c-4dcb-a12e-6568ce786175/_build/results?buildId=5893358,https://dev.azure.com/azure-sdk/590cfd2a-581c-4dcb-a12e-6568ce786175/_build/results?buildId=5893358,https://dev.azure.com/azure-sdk/590cfd2a-581c-4dcb-a12e-6568ce786175/_build/results?buildId=5892535,,,,https://github.com/Azure/azure-sdk-for-python/issues?q=is%3Aopen+is%3Aissue+label%3Acustomer-reported+label%3AClient+label%3A%22Monitor%22,02-19-2026 05:08:32,False
azure-onlineexperimentation,BLOCKED,WARNING,FAIL,ENABLED,WARNING,PASS,PASS,UNKNOWN,DISABLED,0,0,0,,https://dev.azure.com/azure-sdk/590cfd2a-581c-4dcb-a12e-6568ce786175/_build/results?buildId=5894764,,https://dev.azure.com/azure-sdk/590cfd2a-581c-4dcb-a12e-6568ce786175/_build/results?buildId=5894764,https://dev.azure.com/azure-sdk/590cfd2a-581c-4dcb-a12e-6568ce786175/_build/results?buildId=5894764,,,,,,02-19-2026 05:08:32,False
azure-planetarycomputer,BLOCKED,WARNING,FAIL,ENABLED,WARNING,PASS,PASS,UNKNOWN,DISABLED,0,0,0,,https://dev.azure.com/azure-sdk/590cfd2a-581c-4dcb-a12e-6568ce786175/_build/results?buildId=5896014,,https://dev.azure.com/azure-sdk/590cfd2a-581c-4dcb-a12e-6568ce786175/_build/results?buildId=5896014,https://dev.azure.com/azure-sdk/590cfd2a-581c-4dcb-a12e-6568ce786175/_build/results?buildId=5896014,,,,,,02-19-2026 05:08:32,False
azure-projects,BLOCKED,FAIL,DISABLED,ENABLED,WARNING,PASS,PASS,PASS,FAIL,0,0,0,https://dev.azure.com/azure-sdk/590cfd2a-581c-4dcb-a12e-6568ce786175/_build/results?buildId=5896501,,https://dev.azure.com/azure-sdk/590cfd2a-581c-4dcb-a12e-6568ce786175/_build/results?buildId=5884022,https://dev.azure.com/azure-sdk/590cfd2a-581c-4dcb-a12e-6568ce786175/_build/results?buildId=5896501,https://dev.azure.com/azure-sdk/590cfd2a-581c-4dcb-a12e-6568ce786175/_build/results?buildId=5896501,https://dev.azure.com/azure-sdk/590cfd2a-581c-4dcb-a12e-6568ce786175/_build/results?buildId=5896709,https://dev.azure.com/azure-sdk/590cfd2a-581c-4dcb-a12e-6568ce786175/_build/results?buildId=5896709,,,,02-19-2026 05:08:32,False
azure-purview-administration,BLOCKED,DISABLED,DISABLED,DISABLED,DISABLED,DISABLED,DISABLED,DISABLED,DISABLED,2,1,3,,,,,,,,https://github.com/Azure/azure-sdk-for-python/issues?q=is%3Aopen+is%3Aissue+label%3Acustomer-reported+label%3AClient+-label%3Aissue-addressed+-label%3Abug+-label%3Aneeds-author-feedback+-label%3Afeature-request+label%3A%22Purview%22+created%3A%22%3C2026-01-20%22,https://github.com/Azure/azure-sdk-for-python/issues?q=is%3Aopen+is%3Aissue+label%3Acustomer-reported+label%3AClient+-label%3Aissue-addressed+-label%3Aquestion+-label%3Aneeds-author-feedback+-label%3Afeature-request+label%3A%22Purview%22+created%3A%22%3C2025-11-21%22,https://github.com/Azure/azure-sdk-for-python/issues?q=is%3Aopen+is%3Aissue+label%3Acustomer-reported+label%3AClient+label%3A%22Purview%22,02-19-2026 05:08:32,False
azure-purview-datamap,BLOCKED,WARNING,FAIL,ENABLED,DISABLED,DISABLED,FAIL,UNKNOWN,DISABLED,2,1,3,https://dev.azure.com/azure-sdk/590cfd2a-581c-4dcb-a12e-6568ce786175/_build/results?buildId=5883967,https://dev.azure.com/azure-sdk/590cfd2a-581c-4dcb-a12e-6568ce786175/_build/results?buildId=5896183,,,https://dev.azure.com/azure-sdk/590cfd2a-581c-4dcb-a12e-6568ce786175/_build/results?buildId=5896183,,,https://github.com/Azure/azure-sdk-for-python/issues?q=is%3Aopen+is%3Aissue+label%3Acustomer-reported+label%3AClient+-label%3Aissue-addressed+-label%3Abug+-label%3Aneeds-author-feedback+-label%3Afeature-request+label%3A%22Purview%22+created%3A%22%3C2026-01-20%22,https://github.com/Azure/azure-sdk-for-python/issues?q=is%3Aopen+is%3Aissue+label%3Acustomer-reported+label%3AClient+-label%3Aissue-addressed+-label%3Aquestion+-label%3Aneeds-author-feedback+-label%3Afeature-request+label%3A%22Purview%22+created%3A%22%3C2025-11-21%22,https://github.com/Azure/azure-sdk-for-python/issues?q=is%3Aopen+is%3Aissue+label%3Acustomer-reported+label%3AClient+label%3A%22Purview%22,02-19-2026 05:08:32,False
azure-purview-scanning,BLOCKED,DISABLED,DISABLED,DISABLED,DISABLED,DISABLED,DISABLED,DISABLED,DISABLED,2,1,3,,,,,,,,https://github.com/Azure/azure-sdk-for-python/issues?q=is%3Aopen+is%3Aissue+label%3Acustomer-reported+label%3AClient+-label%3Aissue-addressed+-label%3Abug+-label%3Aneeds-author-feedback+-label%3Afeature-request+label%3A%22Purview%22+created%3A%22%3C2026-01-20%22,https://github.com/Azure/azure-sdk-for-python/issues?q=is%3Aopen+is%3Aissue+label%3Acustomer-reported+label%3AClient+-label%3Aissue-addressed+-label%3Aquestion+-label%3Aneeds-author-feedback+-label%3Afeature-request+label%3A%22Purview%22+created%3A%22%3C2025-11-21%22,https://github.com/Azure/azure-sdk-for-python/issues?q=is%3Aopen+is%3Aissue+label%3Acustomer-reported+label%3AClient+label%3A%22Purview%22,02-19-2026 05:08:32,False
azure-purview-sharing,BLOCKED,WARNING,DISABLED,ENABLED,DISABLED,DISABLED,FAIL,UNKNOWN,DISABLED,2,1,3,https://dev.azure.com/azure-sdk/590cfd2a-581c-4dcb-a12e-6568ce786175/_build/results?buildId=5883967,,,,https://dev.azure.com/azure-sdk/590cfd2a-581c-4dcb-a12e-6568ce786175/_build/results?buildId=5896183,,,https://github.com/Azure/azure-sdk-for-python/issues?q=is%3Aopen+is%3Aissue+label%3Acustomer-reported+label%3AClient+-label%3Aissue-addressed+-label%3Abug+-label%3Aneeds-author-feedback+-label%3Afeature-request+label%3A%22Purview%22+created%3A%22%3C2026-01-20%22,https://github.com/Azure/azure-sdk-for-python/issues?q=is%3Aopen+is%3Aissue+label%3Acustomer-reported+label%3AClient+-label%3Aissue-addressed+-label%3Aquestion+-label%3Aneeds-author-feedback+-label%3Afeature-request+label%3A%22Purview%22+created%3A%22%3C2025-11-21%22,https://github.com/Azure/azure-sdk-for-python/issues?q=is%3Aopen+is%3Aissue+label%3Acustomer-reported+label%3AClient+label%3A%22Purview%22,02-19-2026 05:08:32,False
azure-purview-workflow,BLOCKED,WARNING,FAIL,ENABLED,FAIL,PASS,FAIL,UNKNOWN,DISABLED,2,1,3,https://dev.azure.com/azure-sdk/590cfd2a-581c-4dcb-a12e-6568ce786175/_build/results?buildId=5883967,https://dev.azure.com/azure-sdk/590cfd2a-581c-4dcb-a12e-6568ce786175/_build/results?buildId=5896183,https://dev.azure.com/azure-sdk/590cfd2a-581c-4dcb-a12e-6568ce786175/_build/results?buildId=5896183,https://dev.azure.com/azure-sdk/590cfd2a-581c-4dcb-a12e-6568ce786175/_build/results?buildId=5896183,https://dev.azure.com/azure-sdk/590cfd2a-581c-4dcb-a12e-6568ce786175/_build/results?buildId=5896183,,,https://github.com/Azure/azure-sdk-for-python/issues?q=is%3Aopen+is%3Aissue+label%3Acustomer-reported+label%3AClient+-label%3Aissue-addressed+-label%3Abug+-label%3Aneeds-author-feedback+-label%3Afeature-request+label%3A%22Purview%22+created%3A%22%3C2026-01-20%22,https://github.com/Azure/azure-sdk-for-python/issues?q=is%3Aopen+is%3Aissue+label%3Acustomer-reported+label%3AClient+-label%3Aissue-addressed+-label%3Aquestion+-label%3Aneeds-author-feedback+-label%3Afeature-request+label%3A%22Purview%22+created%3A%22%3C2025-11-21%22,https://github.com/Azure/azure-sdk-for-python/issues?q=is%3Aopen+is%3Aissue+label%3Acustomer-reported+label%3AClient+label%3A%22Purview%22,02-19-2026 05:08:32,False
azure-schemaregistry,NEEDS_ACTION,PASS,DISABLED,ENABLED,WARNING,PASS,PASS,PASS,DISABLED,0,0,0,https://dev.azure.com/azure-sdk/590cfd2a-581c-4dcb-a12e-6568ce786175/_build/results?buildId=5893333,,https://dev.azure.com/azure-sdk/590cfd2a-581c-4dcb-a12e-6568ce786175/_build/results?buildId=5884242,https://dev.azure.com/azure-sdk/590cfd2a-581c-4dcb-a12e-6568ce786175/_build/results?buildId=5893333,https://dev.azure.com/azure-sdk/590cfd2a-581c-4dcb-a12e-6568ce786175/_build/results?buildId=5893333,https://dev.azure.com/azure-sdk/590cfd2a-581c-4dcb-a12e-6568ce786175/_build/results?buildId=5896780,,,,,02-19-2026 05:08:32,True
azure-schemaregistry-avroencoder,NEEDS_ACTION,PASS,DISABLED,ENABLED,WARNING,PASS,PASS,PASS,DISABLED,0,0,0,https://dev.azure.com/azure-sdk/590cfd2a-581c-4dcb-a12e-6568ce786175/_build/results?buildId=5893333,,https://dev.azure.com/azure-sdk/590cfd2a-581c-4dcb-a12e-6568ce786175/_build/results?buildId=5884242,https://dev.azure.com/azure-sdk/590cfd2a-581c-4dcb-a12e-6568ce786175/_build/results?buildId=5893333,https://dev.azure.com/azure-sdk/590cfd2a-581c-4dcb-a12e-6568ce786175/_build/results?buildId=5893333,https://dev.azure.com/azure-sdk/590cfd2a-581c-4dcb-a12e-6568ce786175/_build/results?buildId=5896780,,,,,02-19-2026 05:08:32,True
azure-search-documents,NEEDS_ACTION,PASS,DISABLED,ENABLED,WARNING,PASS,PASS,UNKNOWN,DISABLED,3,0,5,https://dev.azure.com/azure-sdk/590cfd2a-581c-4dcb-a12e-6568ce786175/_build/results?buildId=5893725,,https://dev.azure.com/azure-sdk/590cfd2a-581c-4dcb-a12e-6568ce786175/_build/results?buildId=5884355,https://dev.azure.com/azure-sdk/590cfd2a-581c-4dcb-a12e-6568ce786175/_build/results?buildId=5893725,https://dev.azure.com/azure-sdk/590cfd2a-581c-4dcb-a12e-6568ce786175/_build/results?buildId=5893725,https://dev.azure.com/azure-sdk/590cfd2a-581c-4dcb-a12e-6568ce786175/_build/results?buildId=5893816,,https://github.com/Azure/azure-sdk-for-python/issues?q=is%3Aopen+is%3Aissue+label%3Acustomer-reported+label%3AClient+-label%3Aissue-addressed+-label%3Abug+-label%3Aneeds-author-feedback+-label%3Afeature-request+label%3A%22Search%22+created%3A%22%3C2026-01-20%22,,https://github.com/Azure/azure-sdk-for-python/issues?q=is%3Aopen+is%3Aissue+label%3Acustomer-reported+label%3AClient+label%3A%22Search%22,02-19-2026 05:08:32,True
azure-security-attestation,BLOCKED,DISABLED,DISABLED,DISABLED,DISABLED,DISABLED,DISABLED,DISABLED,DISABLED,0,0,0,,,,,,,,,,,02-19-2026 05:08:32,False
azure-servicebus,BLOCKED,FAIL,DISABLED,ENABLED,WARNING,PASS,PASS,FAIL,DISABLED,10,1,11,https://dev.azure.com/azure-sdk/590cfd2a-581c-4dcb-a12e-6568ce786175/_build/results?buildId=5893780,,https://dev.azure.com/azure-sdk/590cfd2a-581c-4dcb-a12e-6568ce786175/_build/results?buildId=5255438,https://dev.azure.com/azure-sdk/590cfd2a-581c-4dcb-a12e-6568ce786175/_build/results?buildId=5893780,https://dev.azure.com/azure-sdk/590cfd2a-581c-4dcb-a12e-6568ce786175/_build/results?buildId=5893780,https://dev.azure.com/azure-sdk/590cfd2a-581c-4dcb-a12e-6568ce786175/_build/results?buildId=5893031,,https://github.com/Azure/azure-sdk-for-python/issues?q=is%3Aopen+is%3Aissue+label%3Acustomer-reported+label%3AClient+-label%3Aissue-addressed+-label%3Abug+-label%3Aneeds-author-feedback+-label%3Afeature-request+label%3A%22Service+Bus%22+created%3A%22%3C2026-01-20%22,https://github.com/Azure/azure-sdk-for-python/issues?q=is%3Aopen+is%3Aissue+label%3Acustomer-reported+label%3AClient+-label%3Aissue-addressed+-label%3Aquestion+-label%3Aneeds-author-feedback+-label%3Afeature-request+label%3A%22Service+Bus%22+created%3A%22%3C2025-11-21%22,https://github.com/Azure/azure-sdk-for-python/issues?q=is%3Aopen+is%3Aissue+label%3Acustomer-reported+label%3AClient+label%3A%22Service+Bus%22,02-19-2026 05:08:32,True
azure-storage-blob,NEEDS_ACTION,WARNING,DISABLED,ENABLED,WARNING,PASS,PASS,FAIL,FAIL,3,2,8,https://dev.azure.com/azure-sdk/590cfd2a-581c-4dcb-a12e-6568ce786175/_build/results?buildId=5884696,,https://dev.azure.com/azure-sdk/590cfd2a-581c-4dcb-a12e-6568ce786175/_build/results?buildId=5884696,https://dev.azure.com/azure-sdk/590cfd2a-581c-4dcb-a12e-6568ce786175/_build/results?buildId=5897100,https://dev.azure.com/azure-sdk/590cfd2a-581c-4dcb-a12e-6568ce786175/_build/results?buildId=5897100,https://dev.azure.com/azure-sdk/590cfd2a-581c-4dcb-a12e-6568ce786175/_build/results?buildId=5894501,https://dev.azure.com/azure-sdk/590cfd2a-581c-4dcb-a12e-6568ce786175/_build/results?buildId=5894501,https://github.com/Azure/azure-sdk-for-python/issues?q=is%3Aopen+is%3Aissue+label%3Acustomer-reported+label%3AClient+-label%3Aissue-addressed+-label%3Abug+-label%3Aneeds-author-feedback+-label%3Afeature-request+label%3A%22Storage%22+created%3A%22%3C2026-01-20%22,https://github.com/Azure/azure-sdk-for-python/issues?q=is%3Aopen+is%3Aissue+label%3Acustomer-reported+label%3AClient+-label%3Aissue-addressed+-label%3Aquestion+-label%3Aneeds-author-feedback+-label%3Afeature-request+label%3A%22Storage%22+created%3A%22%3C2025-11-21%22,https://github.com/Azure/azure-sdk-for-python/issues?q=is%3Aopen+is%3Aissue+label%3Acustomer-reported+label%3AClient+label%3A%22Storage%22,02-19-2026 05:08:32,False
azure-storage-blob-changefeed,NEEDS_ACTION,WARNING,DISABLED,ENABLED,WARNING,PASS,PASS,FAIL,FAIL,3,2,8,https://dev.azure.com/azure-sdk/590cfd2a-581c-4dcb-a12e-6568ce786175/_build/results?buildId=5884696,,https://dev.azure.com/azure-sdk/590cfd2a-581c-4dcb-a12e-6568ce786175/_build/results?buildId=5884696,https://dev.azure.com/azure-sdk/590cfd2a-581c-4dcb-a12e-6568ce786175/_build/results?buildId=5897100,https://dev.azure.com/azure-sdk/590cfd2a-581c-4dcb-a12e-6568ce786175/_build/results?buildId=5897100,https://dev.azure.com/azure-sdk/590cfd2a-581c-4dcb-a12e-6568ce786175/_build/results?buildId=5894501,https://dev.azure.com/azure-sdk/590cfd2a-581c-4dcb-a12e-6568ce786175/_build/results?buildId=5894501,https://github.com/Azure/azure-sdk-for-python/issues?q=is%3Aopen+is%3Aissue+label%3Acustomer-reported+label%3AClient+-label%3Aissue-addressed+-label%3Abug+-label%3Aneeds-author-feedback+-label%3Afeature-request+label%3A%22Storage%22+created%3A%22%3C2026-01-20%22,https://github.com/Azure/azure-sdk-for-python/issues?q=is%3Aopen+is%3Aissue+label%3Acustomer-reported+label%3AClient+-label%3Aissue-addressed+-label%3Aquestion+-label%3Aneeds-author-feedback+-label%3Afeature-request+label%3A%22Storage%22+created%3A%22%3C2025-11-21%22,https://github.com/Azure/azure-sdk-for-python/issues?q=is%3Aopen+is%3Aissue+label%3Acustomer-reported+label%3AClient+label%3A%22Storage%22,02-19-2026 05:08:32,False
azure-storage-extensions,NEEDS_ACTION,DISABLED,DISABLED,DISABLED,DISABLED,DISABLED,PASS,FAIL,FAIL,3,2,8,,,,,https://dev.azure.com/azure-sdk/590cfd2a-581c-4dcb-a12e-6568ce786175/_build/results?buildId=5897100,https://dev.azure.com/azure-sdk/590cfd2a-581c-4dcb-a12e-6568ce786175/_build/results?buildId=5894501,https://dev.azure.com/azure-sdk/590cfd2a-581c-4dcb-a12e-6568ce786175/_build/results?buildId=5894501,https://github.com/Azure/azure-sdk-for-python/issues?q=is%3Aopen+is%3Aissue+label%3Acustomer-reported+label%3AClient+-label%3Aissue-addressed+-label%3Abug+-label%3Aneeds-author-feedback+-label%3Afeature-request+label%3A%22Storage%22+created%3A%22%3C2026-01-20%22,https://github.com/Azure/azure-sdk-for-python/issues?q=is%3Aopen+is%3Aissue+label%3Acustomer-reported+label%3AClient+-label%3Aissue-addressed+-label%3Aquestion+-label%3Aneeds-author-feedback+-label%3Afeature-request+label%3A%22Storage%22+created%3A%22%3C2025-11-21%22,https://github.com/Azure/azure-sdk-for-python/issues?q=is%3Aopen+is%3Aissue+label%3Acustomer-reported+label%3AClient+label%3A%22Storage%22,02-19-2026 05:08:32,False
azure-storage-file-datalake,NEEDS_ACTION,WARNING,DISABLED,ENABLED,WARNING,PASS,PASS,FAIL,FAIL,3,2,8,https://dev.azure.com/azure-sdk/590cfd2a-581c-4dcb-a12e-6568ce786175/_build/results?buildId=5884696,,https://dev.azure.com/azure-sdk/590cfd2a-581c-4dcb-a12e-6568ce786175/_build/results?buildId=5884696,https://dev.azure.com/azure-sdk/590cfd2a-581c-4dcb-a12e-6568ce786175/_build/results?buildId=5897100,https://dev.azure.com/azure-sdk/590cfd2a-581c-4dcb-a12e-6568ce786175/_build/results?buildId=5897100,https://dev.azure.com/azure-sdk/590cfd2a-581c-4dcb-a12e-6568ce786175/_build/results?buildId=5894501,https://dev.azure.com/azure-sdk/590cfd2a-581c-4dcb-a12e-6568ce786175/_build/results?buildId=5894501,https://github.com/Azure/azure-sdk-for-python/issues?q=is%3Aopen+is%3Aissue+label%3Acustomer-reported+label%3AClient+-label%3Aissue-addressed+-label%3Abug+-label%3Aneeds-author-feedback+-label%3Afeature-request+label%3A%22Storage%22+created%3A%22%3C2026-01-20%22,https://github.com/Azure/azure-sdk-for-python/issues?q=is%3Aopen+is%3Aissue+label%3Acustomer-reported+label%3AClient+-label%3Aissue-addressed+-label%3Aquestion+-label%3Aneeds-author-feedback+-label%3Afeature-request+label%3A%22Storage%22+created%3A%22%3C2025-11-21%22,https://github.com/Azure/azure-sdk-for-python/issues?q=is%3Aopen+is%3Aissue+label%3Acustomer-reported+label%3AClient+label%3A%22Storage%22,02-19-2026 05:08:32,False
azure-storage-file-share,NEEDS_ACTION,WARNING,DISABLED,ENABLED,WARNING,PASS,PASS,FAIL,FAIL,3,2,8,https://dev.azure.com/azure-sdk/590cfd2a-581c-4dcb-a12e-6568ce786175/_build/results?buildId=5884696,,https://dev.azure.com/azure-sdk/590cfd2a-581c-4dcb-a12e-6568ce786175/_build/results?buildId=5884696,https://dev.azure.com/azure-sdk/590cfd2a-581c-4dcb-a12e-6568ce786175/_build/results?buildId=5897100,https://dev.azure.com/azure-sdk/590cfd2a-581c-4dcb-a12e-6568ce786175/_build/results?buildId=5897100,https://dev.azure.com/azure-sdk/590cfd2a-581c-4dcb-a12e-6568ce786175/_build/results?buildId=5894501,https://dev.azure.com/azure-sdk/590cfd2a-581c-4dcb-a12e-6568ce786175/_build/results?buildId=5894501,https://github.com/Azure/azure-sdk-for-python/issues?q=is%3Aopen+is%3Aissue+label%3Acustomer-reported+label%3AClient+-label%3Aissue-addressed+-label%3Abug+-label%3Aneeds-author-feedback+-label%3Afeature-request+label%3A%22Storage%22+created%3A%22%3C2026-01-20%22,https://github.com/Azure/azure-sdk-for-python/issues?q=is%3Aopen+is%3Aissue+label%3Acustomer-reported+label%3AClient+-label%3Aissue-addressed+-label%3Aquestion+-label%3Aneeds-author-feedback+-label%3Afeature-request+label%3A%22Storage%22+created%3A%22%3C2025-11-21%22,https://github.com/Azure/azure-sdk-for-python/issues?q=is%3Aopen+is%3Aissue+label%3Acustomer-reported+label%3AClient+label%3A%22Storage%22,02-19-2026 05:08:32,False
azure-storage-queue,NEEDS_ACTION,WARNING,DISABLED,ENABLED,WARNING,PASS,PASS,FAIL,FAIL,3,2,8,https://dev.azure.com/azure-sdk/590cfd2a-581c-4dcb-a12e-6568ce786175/_build/results?buildId=5884696,,https://dev.azure.com/azure-sdk/590cfd2a-581c-4dcb-a12e-6568ce786175/_build/results?buildId=5884696,https://dev.azure.com/azure-sdk/590cfd2a-581c-4dcb-a12e-6568ce786175/_build/results?buildId=5897100,https://dev.azure.com/azure-sdk/590cfd2a-581c-4dcb-a12e-6568ce786175/_build/results?buildId=5897100,https://dev.azure.com/azure-sdk/590cfd2a-581c-4dcb-a12e-6568ce786175/_build/results?buildId=5894501,https://dev.azure.com/azure-sdk/590cfd2a-581c-4dcb-a12e-6568ce786175/_build/results?buildId=5894501,https://github.com/Azure/azure-sdk-for-python/issues?q=is%3Aopen+is%3Aissue+label%3Acustomer-reported+label%3AClient+-label%3Aissue-addressed+-label%3Abug+-label%3Aneeds-author-feedback+-label%3Afeature-request+label%3A%22Storage%22+created%3A%22%3C2026-01-20%22,https://github.com/Azure/azure-sdk-for-python/issues?q=is%3Aopen+is%3Aissue+label%3Acustomer-reported+label%3AClient+-label%3Aissue-addressed+-label%3Aquestion+-label%3Aneeds-author-feedback+-label%3Afeature-request+label%3A%22Storage%22+created%3A%22%3C2025-11-21%22,https://github.com/Azure/azure-sdk-for-python/issues?q=is%3Aopen+is%3Aissue+label%3Acustomer-reported+label%3AClient+label%3A%22Storage%22,02-19-2026 05:08:32,False
azure-synapse-accesscontrol,BLOCKED,DISABLED,DISABLED,DISABLED,DISABLED,DISABLED,DISABLED,DISABLED,DISABLED,0,1,2,,,,,,,,,https://github.com/Azure/azure-sdk-for-python/issues?q=is%3Aopen+is%3Aissue+label%3Acustomer-reported+label%3AClient+-label%3Aissue-addressed+-label%3Aquestion+-label%3Aneeds-author-feedback+-label%3Afeature-request+label%3A%22Synapse%22+created%3A%22%3C2025-11-21%22,https://github.com/Azure/azure-sdk-for-python/issues?q=is%3Aopen+is%3Aissue+label%3Acustomer-reported+label%3AClient+label%3A%22Synapse%22,02-19-2026 05:08:32,False
azure-synapse-artifacts,NEEDS_ACTION,DISABLED,DISABLED,ENABLED,DISABLED,DISABLED,PASS,UNKNOWN,DISABLED,0,1,2,,,,,https://dev.azure.com/azure-sdk/590cfd2a-581c-4dcb-a12e-6568ce786175/_build/results?buildId=5896716,,,,https://github.com/Azure/azure-sdk-for-python/issues?q=is%3Aopen+is%3Aissue+label%3Acustomer-reported+label%3AClient+-label%3Aissue-addressed+-label%3Aquestion+-label%3Aneeds-author-feedback+-label%3Afeature-request+label%3A%22Synapse%22+created%3A%22%3C2025-11-21%22,https://github.com/Azure/azure-sdk-for-python/issues?q=is%3Aopen+is%3Aissue+label%3Acustomer-reported+label%3AClient+label%3A%22Synapse%22,02-19-2026 05:08:32,False
azure-synapse-managedprivateendpoints,BLOCKED,DISABLED,DISABLED,DISABLED,DISABLED,DISABLED,DISABLED,DISABLED,DISABLED,0,1,2,,,,,,,,,https://github.com/Azure/azure-sdk-for-python/issues?q=is%3Aopen+is%3Aissue+label%3Acustomer-reported+label%3AClient+-label%3Aissue-addressed+-label%3Aquestion+-label%3Aneeds-author-feedback+-label%3Afeature-request+label%3A%22Synapse%22+created%3A%22%3C2025-11-21%22,https://github.com/Azure/azure-sdk-for-python/issues?q=is%3Aopen+is%3Aissue+label%3Acustomer-reported+label%3AClient+label%3A%22Synapse%22,02-19-2026 05:08:32,False
azure-synapse-monitoring,BLOCKED,DISABLED,DISABLED,DISABLED,DISABLED,DISABLED,DISABLED,DISABLED,DISABLED,0,1,2,,,,,,,,,https://github.com/Azure/azure-sdk-for-python/issues?q=is%3Aopen+is%3Aissue+label%3Acustomer-reported+label%3AClient+-label%3Aissue-addressed+-label%3Aquestion+-label%3Aneeds-author-feedback+-label%3Afeature-request+label%3A%22Synapse%22+created%3A%22%3C2025-11-21%22,https://github.com/Azure/azure-sdk-for-python/issues?q=is%3Aopen+is%3Aissue+label%3Acustomer-reported+label%3AClient+label%3A%22Synapse%22,02-19-2026 05:08:32,False
azure-synapse-spark,BLOCKED,DISABLED,DISABLED,DISABLED,DISABLED,DISABLED,DISABLED,DISABLED,DISABLED,0,1,2,,,,,,,,,https://github.com/Azure/azure-sdk-for-python/issues?q=is%3Aopen+is%3Aissue+label%3Acustomer-reported+label%3AClient+-label%3Aissue-addressed+-label%3Aquestion+-label%3Aneeds-author-feedback+-label%3Afeature-request+label%3A%22Synapse%22+created%3A%22%3C2025-11-21%22,https://github.com/Azure/azure-sdk-for-python/issues?q=is%3Aopen+is%3Aissue+label%3Acustomer-reported+label%3AClient+label%3A%22Synapse%22,02-19-2026 05:08:32,False
corehttp,NEEDS_ACTION,PASS,DISABLED,ENABLED,WARNING,PASS,PASS,FAIL,DISABLED,0,0,0,https://dev.azure.com/azure-sdk/590cfd2a-581c-4dcb-a12e-6568ce786175/_build/results?buildId=5892732,,https://dev.azure.com/azure-sdk/590cfd2a-581c-4dcb-a12e-6568ce786175/_build/results?buildId=5883804,https://dev.azure.com/azure-sdk/590cfd2a-581c-4dcb-a12e-6568ce786175/_build/results?buildId=5892732,https://dev.azure.com/azure-sdk/590cfd2a-581c-4dcb-a12e-6568ce786175/_build/results?buildId=5892732,https://dev.azure.com/azure-sdk/590cfd2a-581c-4dcb-a12e-6568ce786175/_build/results?buildId=5893525,,,,,02-19-2026 05:08:32,True
